scenario,mode,step,time_min,bg,delta,cob,bolus_iob,basal_iob,carbs_activity,insulin_activity,temp_basal_rate
Meal with adequate bolus,open-loop,0,0,100,-0.6,0,0,2,0,0,1
Meal with adequate bolus,open-loop,1,5,100,0,0,0,2,0,0,1
Meal with adequate bolus,open-loop,2,10,100,-0.1,0,0,2,0,0,1
Meal with adequate bolus,open-loop,3,15,100,0,0,0,2,0,0,1
Meal with adequate bolus,open-loop,4,20,100,0.1,0,0,2,0,0,1
Meal with adequate bolus,open-loop,5,25,100,0,0,0,2,0,0,1
Meal with adequate bolus,open-loop,6,30,100,-0.1,0,0,2,0,0,1
Meal with adequate bolus,open-loop,7,35,100,0.1,0,0,2,0,0,1
Meal with adequate bolus,open-loop,8,40,100,0.1,0,0,2,0,0,1
Meal with adequate bolus,open-loop,9,45,100,0,0,0,2,0,0,1
Meal with adequate bolus,open-loop,10,50,100,0,0,0,2,0,0,1
Meal with adequate bolus,open-loop,11,55,89,-11,0,0,2,0,0.6621,1
Meal with adequate bolus,open-loop,12,60,89,0,0,0,2,0,0.6621,1
Meal with adequate bolus,open-loop,13,65,89,0,0,0,2,0,0.6621,1
Meal with adequate bolus,open-loop,14,70,89,0,0,0,2,0,0.6621,1
Meal with adequate bolus,open-loop,15,75,89,0.1,0,0,2,0,0.6621,1
Meal with adequate bolus,open-loop,16,80,89,-0.1,0,0,2,0,0.6621,1
Meal with adequate bolus,open-loop,17,85,89,-0.1,0,0,2,0,0.6621,1
Meal with adequate bolus,open-loop,18,90,89,-0.1,0,0,2,0,0.6621,1
Meal with adequate bolus,open-loop,19,95,89,0,0,0,2,0,0.6621,1
Meal with adequate bolus,open-loop,20,100,89,-0.1,0,0,2,0,0.6621,1
Meal with adequate bolus,open-loop,21,105,89,0,0,0,2,0,0.6621,1
Meal with adequate bolus,open-loop,22,110,89,0,0,0,2,0,0.6621,1
Meal with adequate bolus,open-loop,23,115,89,-0.1,0,0,2,0,0.6621,1
Meal with adequate bolus,open-loop,24,120,89,0,0,0,2,0,0.6621,1
Meal with adequate bolus,open-loop,25,125,89,0,0,0,2,0,0.6621,1
Meal with adequate bolus,open-loop,26,130,89,-0.1,0,0,2,0,0.6621,1
Meal with adequate bolus,open-loop,27,135,89,0,0,0,2,0,0.6621,1
Meal with adequate bolus,open-loop,28,140,89,0.1,0,0,2,0,0.6621,1
Meal with adequate bolus,open-loop,29,145,89,0,0,0,2,0,0.6621,1
Meal with adequate bolus,open-loop,30,150,89,0.1,0,0,2,0,0.6621,1
Meal with adequate bolus,open-loop,31,155,89,-0.1,0,0,2,0,0.6621,1
Meal with adequate bolus,open-loop,32,160,89,-0.1,0,0,2,0,0.6621,1
Meal with adequate bolus,open-loop,33,165,89,-0.1,0,0,2,0,0.6621,1
Meal with adequate bolus,open-loop,34,170,89,0.1,0,0,2,0,0.6621,1
Meal with adequate bolus,open-loop,35,175,89,0,0,0,2,0,0.6621,1
Meal with adequate bolus,open-loop,36,180,89,0.1,0,0,2,0,0.6621,1
Meal with adequate bolus,open-loop,37,185,89,0,0,0,2,0,0.6621,1
Meal with adequate bolus,open-loop,38,190,89,0,0,0,2,0,0.6621,1
Meal with adequate bolus,open-loop,39,195,89,-0.1,0,0,2,0,0.6621,1
Meal with adequate bolus,open-loop,40,200,89,0,0,0,2,0,0.6621,1
Meal with adequate bolus,open-loop,41,205,89,0,0,0,2,0,0.6621,1
Meal with adequate bolus,open-loop,42,210,89,0.1,0,0,2,0,0.6621,1
Meal with adequate bolus,open-loop,43,215,89,-0.1,0,0,2,0,0.6621,1
Meal with adequate bolus,open-loop,44,220,89,0.1,0,0,2,0,0.6621,1
Meal with adequate bolus,open-loop,45,225,89,0,0,0,2,0,0.6621,1
Meal with adequate bolus,open-loop,46,230,89,-0.1,0,0,2,0,0.6621,1
Meal with adequate bolus,open-loop,47,235,89,-0.1,0,0,2,0,0.6621,1
Meal with adequate bolus,oref0-loop,0,0,99,-0.6,0,0,2,0,0,0
Meal with adequate bolus,oref0-loop,1,5,99,0.1,0,0,2,0,0,0
Meal with adequate bolus,oref0-loop,2,10,99,0,0,0,2,0,0,0
Meal with adequate bolus,oref0-loop,3,15,99,0,0,0,2,0,0,0
Meal with adequate bolus,oref0-loop,4,20,99,0.1,0,0,2,0,0,0
Meal with adequate bolus,oref0-loop,5,25,99,0,0,0,2,0,0,0
Meal with adequate bolus,oref0-loop,6,30,99,-0.1,0,0,2,0,0,0
Meal with adequate bolus,oref0-loop,7,35,99,0.1,0,0,2,0,0,0
Meal with adequate bolus,oref0-loop,8,40,99,0,0,0,2,0,0,0
Meal with adequate bolus,oref0-loop,9,45,99,0.1,0,0,2,0,0,0
Meal with adequate bolus,oref0-loop,10,50,99,0,0,0,2,0,0,0
Meal with adequate bolus,oref0-loop,11,55,89,-10,0,0,2,0,0.6621,0
Meal with adequate bolus,oref0-loop,12,60,89,0.1,0,0,2,0,0.6621,0
Meal with adequate bolus,oref0-loop,13,65,89,0,0,0,2,0,0.6621,0
Meal with adequate bolus,oref0-loop,14,70,89,-0.1,0,0,2,0,0.6621,0
Meal with adequate bolus,oref0-loop,15,75,89,0,0,0,2,0,0.6621,0
Meal with adequate bolus,oref0-loop,16,80,89,0,0,0,2,0,0.6621,0
Meal with adequate bolus,oref0-loop,17,85,89,0,0,0,2,0,0.6621,0
Meal with adequate bolus,oref0-loop,18,90,89,-0.1,0,0,2,0,0.6621,0
Meal with adequate bolus,oref0-loop,19,95,89,0,0,0,2,0,0.6621,0
Meal with adequate bolus,oref0-loop,20,100,89,0.1,0,0,2,0,0.6621,0
Meal with adequate bolus,oref0-loop,21,105,89,0,0,0,2,0,0.6621,0
Meal with adequate bolus,oref0-loop,22,110,89,0.1,0,0,2,0,0.6621,0
Meal with adequate bolus,oref0-loop,23,115,89,0.1,0,0,2,0,0.6621,0
Meal with adequate bolus,oref0-loop,24,120,89,0,0,0,2,0,0.6621,0
Meal with adequate bolus,oref0-loop,25,125,89,-0.1,0,0,2,0,0.6621,0
Meal with adequate bolus,oref0-loop,26,130,89,0.1,0,0,2,0,0.6621,0
Meal with adequate bolus,oref0-loop,27,135,89,0,0,0,2,0,0.6621,0
Meal with adequate bolus,oref0-loop,28,140,89,0,0,0,2,0,0.6621,0
Meal with adequate bolus,oref0-loop,29,145,89,0.1,0,0,2,0,0.6621,0
Meal with adequate bolus,oref0-loop,30,150,89,0,0,0,2,0,0.6621,0
Meal with adequate bolus,oref0-loop,31,155,89,-0.1,0,0,2,0,0.6621,0
Meal with adequate bolus,oref0-loop,32,160,89,0,0,0,2,0,0.6621,0
Meal with adequate bolus,oref0-loop,33,165,89,0,0,0,2,0,0.6621,0
Meal with adequate bolus,oref0-loop,34,170,89,0.1,0,0,2,0,0.6621,0
Meal with adequate bolus,oref0-loop,35,175,89,0,0,0,2,0,0.6621,0
Meal with adequate bolus,oref0-loop,36,180,89,-0.1,0,0,2,0,0.6621,0
Meal with adequate bolus,oref0-loop,37,185,89,-0.1,0,0,2,0,0.6621,0
Meal with adequate bolus,oref0-loop,38,190,89,0.1,0,0,2,0,0.6621,0
Meal with adequate bolus,oref0-loop,39,195,89,0,0,0,2,0,0.6621,0
Meal with adequate bolus,oref0-loop,40,200,89,0,0,0,2,0,0.6621,0
Meal with adequate bolus,oref0-loop,41,205,89,0,0,0,2,0,0.6621,0
Meal with adequate bolus,oref0-loop,42,210,89,0,0,0,2,0,0.6621,0
Meal with adequate bolus,oref0-loop,43,215,89,0,0,0,2,0,0.6621,0
Meal with adequate bolus,oref0-loop,44,220,89,0,0,0,2,0,0.6621,0
Meal with adequate bolus,oref0-loop,45,225,89,0,0,0,2,0,0.6621,0
Meal with adequate bolus,oref0-loop,46,230,89,0.1,0,0,2,0,0.6621,0
Meal with adequate bolus,oref0-loop,47,235,89,-0.1,0,0,2,0,0.6621,0
Meal with 50% bolus (underbolus),open-loop,0,0,105,-0.3,0,0,2,0,0,1
Meal with 50% bolus (underbolus),open-loop,1,5,105,0,0,0,2,0,0,1
Meal with 50% bolus (underbolus),open-loop,2,10,105,-0.1,0,0,2,0,0,1
Meal with 50% bolus (underbolus),open-loop,3,15,105,0.1,0,0,2,0,0,1
Meal with 50% bolus (underbolus),open-loop,4,20,105,-0.1,0,0,2,0,0,1
Meal with 50% bolus (underbolus),open-loop,5,25,105,0,0,0,2,0,0,1
Meal with 50% bolus (underbolus),open-loop,6,30,105,0.1,0,0,2,0,0,1
Meal with 50% bolus (underbolus),open-loop,7,35,105,0,0,0,2,0,0,1
Meal with 50% bolus (underbolus),open-loop,8,40,105,0.1,0,0,2,0,0,1
Meal with 50% bolus (underbolus),open-loop,9,45,105,0,0,0,2,0,0,1
Meal with 50% bolus (underbolus),open-loop,10,50,105,0.1,0,0,2,0,0,1
Meal with 50% bolus (underbolus),open-loop,11,55,89,-16,0,0,2,0,0.6621,1
Meal with 50% bolus (underbolus),open-loop,12,60,89,0,0,0,2,0,0.6621,1
Meal with 50% bolus (underbolus),open-loop,13,65,89,-0.1,0,0,2,0,0.6621,1
Meal with 50% bolus (underbolus),open-loop,14,70,89,-0.1,0,0,2,0,0.6621,1
Meal with 50% bolus (underbolus),open-loop,15,75,89,0,0,0,2,0,0.6621,1
Meal with 50% bolus (underbolus),open-loop,16,80,89,0,0,0,2,0,0.6621,1
Meal with 50% bolus (underbolus),open-loop,17,85,89,0,0,0,2,0,0.6621,1
Meal with 50% bolus (underbolus),open-loop,18,90,89,-0.1,0,0,2,0,0.6621,1
Meal with 50% bolus (underbolus),open-loop,19,95,89,0,0,0,2,0,0.6621,1
Meal with 50% bolus (underbolus),open-loop,20,100,89,-0.1,0,0,2,0,0.6621,1
Meal with 50% bolus (underbolus),open-loop,21,105,89,0,0,0,2,0,0.6621,1
Meal with 50% bolus (underbolus),open-loop,22,110,89,0.1,0,0,2,0,0.6621,1
Meal with 50% bolus (underbolus),open-loop,23,115,89,0,0,0,2,0,0.6621,1
Meal with 50% bolus (underbolus),open-loop,24,120,89,0,0,0,2,0,0.6621,1
Meal with 50% bolus (underbolus),open-loop,25,125,89,0.1,0,0,2,0,0.6621,1
Meal with 50% bolus (underbolus),open-loop,26,130,89,0.1,0,0,2,0,0.6621,1
Meal with 50% bolus (underbolus),open-loop,27,135,89,-0.1,0,0,2,0,0.6621,1
Meal with 50% bolus (underbolus),open-loop,28,140,89,0,0,0,2,0,0.6621,1
Meal with 50% bolus (underbolus),open-loop,29,145,89,0,0,0,2,0,0.6621,1
Meal with 50% bolus (underbolus),open-loop,30,150,89,0.1,0,0,2,0,0.6621,1
Meal with 50% bolus (underbolus),open-loop,31,155,89,-0.1,0,0,2,0,0.6621,1
Meal with 50% bolus (underbolus),open-loop,32,160,89,0.1,0,0,2,0,0.6621,1
Meal with 50% bolus (underbolus),open-loop,33,165,89,-0.1,0,0,2,0,0.6621,1
Meal with 50% bolus (underbolus),open-loop,34,170,89,-0.1,0,0,2,0,0.6621,1
Meal with 50% bolus (underbolus),open-loop,35,175,89,-0.1,0,0,2,0,0.6621,1
Meal with 50% bolus (underbolus),open-loop,36,180,89,0,0,0,2,0,0.6621,1
Meal with 50% bolus (underbolus),open-loop,37,185,89,-0.1,0,0,2,0,0.6621,1
Meal with 50% bolus (underbolus),open-loop,38,190,89,0,0,0,2,0,0.6621,1
Meal with 50% bolus (underbolus),open-loop,39,195,89,0.1,0,0,2,0,0.6621,1
Meal with 50% bolus (underbolus),open-loop,40,200,89,0.1,0,0,2,0,0.6621,1
Meal with 50% bolus (underbolus),open-loop,41,205,89,0,0,0,2,0,0.6621,1
Meal with 50% bolus (underbolus),open-loop,42,210,89,0,0,0,2,0,0.6621,1
Meal with 50% bolus (underbolus),open-loop,43,215,89,0,0,0,2,0,0.6621,1
Meal with 50% bolus (underbolus),open-loop,44,220,89,0,0,0,2,0,0.6621,1
Meal with 50% bolus (underbolus),open-loop,45,225,89,0,0,0,2,0,0.6621,1
Meal with 50% bolus (underbolus),open-loop,46,230,89,-0.1,0,0,2,0,0.6621,1
Meal with 50% bolus (underbolus),open-loop,47,235,89,0,0,0,2,0,0.6621,1
Meal with 50% bolus (underbolus),oref0-loop,0,0,104,-0.9,0,0,2,0,0,0
Meal with 50% bolus (underbolus),oref0-loop,1,5,104,0.1,0,0,2,0,0,0
Meal with 50% bolus (underbolus),oref0-loop,2,10,104,0.1,0,0,2,0,0,0
Meal with 50% bolus (underbolus),oref0-loop,3,15,104,0,0,0,2,0,0,0
Meal with 50% bolus (underbolus),oref0-loop,4,20,104,0.1,0,0,2,0,0,0
Meal with 50% bolus (underbolus),oref0-loop,5,25,104,0,0,0,2,0,0,0
Meal with 50% bolus (underbolus),oref0-loop,6,30,104,0,0,0,2,0,0,0
Meal with 50% bolus (underbolus),oref0-loop,7,35,104,0,0,0,2,0,0,0
Meal with 50% bolus (underbolus),oref0-loop,8,40,104,0.1,0,0,2,0,0,0
Meal with 50% bolus (underbolus),oref0-loop,9,45,104,0,0,0,2,0,0,0
Meal with 50% bolus (underbolus),oref0-loop,10,50,104,0,0,0,2,0,0,0
Meal with 50% bolus (underbolus),oref0-loop,11,55,89,-15,0,0,2,0,0.6621,0
Meal with 50% bolus (underbolus),oref0-loop,12,60,89,0,0,0,2,0,0.6621,0
Meal with 50% bolus (underbolus),oref0-loop,13,65,89,0,0,0,2,0,0.6621,0
Meal with 50% bolus (underbolus),oref0-loop,14,70,89,0.1,0,0,2,0,0.6621,0
Meal with 50% bolus (underbolus),oref0-loop,15,75,89,0,0,0,2,0,0.6621,0
Meal with 50% bolus (underbolus),oref0-loop,16,80,89,-0.1,0,0,2,0,0.6621,0
Meal with 50% bolus (underbolus),oref0-loop,17,85,89,0,0,0,2,0,0.6621,0
Meal with 50% bolus (underbolus),oref0-loop,18,90,89,0.1,0,0,2,0,0.6621,0
Meal with 50% bolus (underbolus),oref0-loop,19,95,89,0,0,0,2,0,0.6621,0
Meal with 50% bolus (underbolus),oref0-loop,20,100,89,0.1,0,0,2,0,0.6621,0
Meal with 50% bolus (underbolus),oref0-loop,21,105,89,0.1,0,0,2,0,0.6621,0
Meal with 50% bolus (underbolus),oref0-loop,22,110,89,-0.1,0,0,2,0,0.6621,0
Meal with 50% bolus (underbolus),oref0-loop,23,115,89,-0.1,0,0,2,0,0.6621,0
Meal with 50% bolus (underbolus),oref0-loop,24,120,89,0.1,0,0,2,0,0.6621,0
Meal with 50% bolus (underbolus),oref0-loop,25,125,89,0.1,0,0,2,0,0.6621,0
Meal with 50% bolus (underbolus),oref0-loop,26,130,89,0,0,0,2,0,0.6621,0
Meal with 50% bolus (underbolus),oref0-loop,27,135,89,0,0,0,2,0,0.6621,0
Meal with 50% bolus (underbolus),oref0-loop,28,140,89,0,0,0,2,0,0.6621,0
Meal with 50% bolus (underbolus),oref0-loop,29,145,89,0,0,0,2,0,0.6621,0
Meal with 50% bolus (underbolus),oref0-loop,30,150,89,0,0,0,2,0,0.6621,0
Meal with 50% bolus (underbolus),oref0-loop,31,155,89,0.1,0,0,2,0,0.6621,0
Meal with 50% bolus (underbolus),oref0-loop,32,160,89,0,0,0,2,0,0.6621,0
Meal with 50% bolus (underbolus),oref0-loop,33,165,89,-0.1,0,0,2,0,0.6621,0
Meal with 50% bolus (underbolus),oref0-loop,34,170,89,0,0,0,2,0,0.6621,0
Meal with 50% bolus (underbolus),oref0-loop,35,175,89,-0.1,0,0,2,0,0.6621,0
Meal with 50% bolus (underbolus),oref0-loop,36,180,89,0,0,0,2,0,0.6621,0
Meal with 50% bolus (underbolus),oref0-loop,37,185,89,-0.1,0,0,2,0,0.6621,0
Meal with 50% bolus (underbolus),oref0-loop,38,190,89,0,0,0,2,0,0.6621,0
Meal with 50% bolus (underbolus),oref0-loop,39,195,89,-0.1,0,0,2,0,0.6621,0
Meal with 50% bolus (underbolus),oref0-loop,40,200,89,0,0,0,2,0,0.6621,0
Meal with 50% bolus (underbolus),oref0-loop,41,205,89,0,0,0,2,0,0.6621,0
Meal with 50% bolus (underbolus),oref0-loop,42,210,89,0,0,0,2,0,0.6621,0
Meal with 50% bolus (underbolus),oref0-loop,43,215,89,-0.1,0,0,2,0,0.6621,0
Meal with 50% bolus (underbolus),oref0-loop,44,220,89,-0.1,0,0,2,0,0.6621,0
Meal with 50% bolus (underbolus),oref0-loop,45,225,89,0.1,0,0,2,0,0.6621,0
Meal with 50% bolus (underbolus),oref0-loop,46,230,89,0,0,0,2,0,0.6621,0
Meal with 50% bolus (underbolus),oref0-loop,47,235,89,-0.1,0,0,2,0,0.6621,0
Fasting with stable basal,open-loop,0,0,110,-0.4,0,0,2,0,0,1
Fasting with stable basal,open-loop,1,5,110,0,0,0,2,0,0,1
Fasting with stable basal,open-loop,2,10,110,0,0,0,2,0,0,1
Fasting with stable basal,open-loop,3,15,110,0.1,0,0,2,0,0,1
Fasting with stable basal,open-loop,4,20,110,-0.1,0,0,2,0,0,1
Fasting with stable basal,open-loop,5,25,110,0.1,0,0,2,0,0,1
Fasting with stable basal,open-loop,6,30,110,0,0,0,2,0,0,1
Fasting with stable basal,open-loop,7,35,110,0,0,0,2,0,0,1
Fasting with stable basal,open-loop,8,40,110,0.1,0,0,2,0,0,1
Fasting with stable basal,open-loop,9,45,110,0,0,0,2,0,0,1
Fasting with stable basal,open-loop,10,50,110,-0.1,0,0,2,0,0,1
Fasting with stable basal,open-loop,11,55,89,-21,0,0,2,0,0.6621,1
Fasting with stable basal,open-loop,12,60,89,0,0,0,2,0,0.6621,1
Fasting with stable basal,open-loop,13,65,89,-0.1,0,0,2,0,0.6621,1
Fasting with stable basal,open-loop,14,70,89,-0.1,0,0,2,0,0.6621,1
Fasting with stable basal,open-loop,15,75,89,0,0,0,2,0,0.6621,1
Fasting with stable basal,open-loop,16,80,89,0,0,0,2,0,0.6621,1
Fasting with stable basal,open-loop,17,85,89,0.1,0,0,2,0,0.6621,1
Fasting with stable basal,open-loop,18,90,89,0,0,0,2,0,0.6621,1
Fasting with stable basal,open-loop,19,95,89,0,0,0,2,0,0.6621,1
Fasting with stable basal,open-loop,20,100,89,0,0,0,2,0,0.6621,1
Fasting with stable basal,open-loop,21,105,89,0.1,0,0,2,0,0.6621,1
Fasting with stable basal,open-loop,22,110,89,0,0,0,2,0,0.6621,1
Fasting with stable basal,open-loop,23,115,89,-0.1,0,0,2,0,0.6621,1
Fasting with stable basal,open-loop,24,120,89,-0.1,0,0,2,0,0.6621,1
Fasting with stable basal,open-loop,25,125,89,0.1,0,0,2,0,0.6621,1
Fasting with stable basal,open-loop,26,130,89,0,0,0,2,0,0.6621,1
Fasting with stable basal,open-loop,27,135,89,-0.1,0,0,2,0,0.6621,1
Fasting with stable basal,open-loop,28,140,89,0,0,0,2,0,0.6621,1
Fasting with stable basal,open-loop,29,145,89,0,0,0,2,0,0.6621,1
Fasting with stable basal,open-loop,30,150,89,0,0,0,2,0,0.6621,1
Fasting with stable basal,open-loop,31,155,89,0.1,0,0,2,0,0.6621,1
Fasting with stable basal,open-loop,32,160,89,0,0,0,2,0,0.6621,1
Fasting with stable basal,open-loop,33,165,89,0,0,0,2,0,0.6621,1
Fasting with stable basal,open-loop,34,170,89,0.1,0,0,2,0,0.6621,1
Fasting with stable basal,open-loop,35,175,89,0,0,0,2,0,0.6621,1
Fasting with stable basal,open-loop,36,180,89,0,0,0,2,0,0.6621,1
Fasting with stable basal,open-loop,37,185,89,-0.1,0,0,2,0,0.6621,1
Fasting with stable basal,open-loop,38,190,89,0,0,0,2,0,0.6621,1
Fasting with stable basal,open-loop,39,195,89,-0.1,0,0,2,0,0.6621,1
Fasting with stable basal,open-loop,40,200,89,0.1,0,0,2,0,0.6621,1
Fasting with stable basal,open-loop,41,205,89,0,0,0,2,0,0.6621,1
Fasting with stable basal,open-loop,42,210,89,-0.1,0,0,2,0,0.6621,1
Fasting with stable basal,open-loop,43,215,89,-0.1,0,0,2,0,0.6621,1
Fasting with stable basal,open-loop,44,220,89,-0.1,0,0,2,0,0.6621,1
Fasting with stable basal,open-loop,45,225,89,-0.1,0,0,2,0,0.6621,1
Fasting with stable basal,open-loop,46,230,89,0,0,0,2,0,0.6621,1
Fasting with stable basal,open-loop,47,235,89,-0.1,0,0,2,0,0.6621,1
Fasting with stable basal,open-loop,48,240,89,-0.1,0,0,2,0,0.6621,1
Fasting with stable basal,open-loop,49,245,89,0,0,0,2,0,0.6621,1
Fasting with stable basal,open-loop,50,250,89,0,0,0,2,0,0.6621,1
Fasting with stable basal,open-loop,51,255,89,0,0,0,2,0,0.6621,1
Fasting with stable basal,open-loop,52,260,89,0,0,0,2,0,0.6621,1
Fasting with stable basal,open-loop,53,265,89,-0.1,0,0,2,0,0.6621,1
Fasting with stable basal,open-loop,54,270,89,0,0,0,2,0,0.6621,1
Fasting with stable basal,open-loop,55,275,89,0,0,0,2,0,0.6621,1
Fasting with stable basal,open-loop,56,280,89,-0.1,0,0,2,0,0.6621,1
Fasting with stable basal,open-loop,57,285,89,0,0,0,2,0,0.6621,1
Fasting with stable basal,open-loop,58,290,89,0,0,0,2,0,0.6621,1
Fasting with stable basal,open-loop,59,295,89,0,0,0,2,0,0.6621,1
Fasting with stable basal,open-loop,60,300,89,-0.1,0,0,2,0,0.6621,1
Fasting with stable basal,open-loop,61,305,89,-0.1,0,0,2,0,0.6621,1
Fasting with stable basal,open-loop,62,310,89,0,0,0,2,0,0.6621,1
Fasting with stable basal,open-loop,63,315,89,-0.1,0,0,2,0,0.6621,1
Fasting with stable basal,open-loop,64,320,89,0,0,0,2,0,0.6621,1
Fasting with stable basal,open-loop,65,325,89,0,0,0,2,0,0.6621,1
Fasting with stable basal,open-loop,66,330,89,0,0,0,2,0,0.6621,1
Fasting with stable basal,open-loop,67,335,89,0,0,0,2,0,0.6621,1
Fasting with stable basal,open-loop,68,340,89,0.1,0,0,2,0,0.6621,1
Fasting with stable basal,open-loop,69,345,89,0,0,0,2,0,0.6621,1
Fasting with stable basal,open-loop,70,350,89,-0.1,0,0,2,0,0.6621,1
Fasting with stable basal,open-loop,71,355,89,0,0,0,2,0,0.6621,1
Fasting with stable basal,oref0-loop,0,0,110,0.8,0,0,2,0,0,0
Fasting with stable basal,oref0-loop,1,5,110,-0.1,0,0,2,0,0,0
Fasting with stable basal,oref0-loop,2,10,110,0,0,0,2,0,0,0
Fasting with stable basal,oref0-loop,3,15,110,0,0,0,2,0,0,0
Fasting with stable basal,oref0-loop,4,20,110,0.1,0,0,2,0,0,0
Fasting with stable basal,oref0-loop,5,25,110,0,0,0,2,0,0,0
Fasting with stable basal,oref0-loop,6,30,110,-0.1,0,0,2,0,0,0
Fasting with stable basal,oref0-loop,7,35,110,0,0,0,2,0,0,0
Fasting with stable basal,oref0-loop,8,40,110,0,0,0,2,0,0,0
Fasting with stable basal,oref0-loop,9,45,110,0,0,0,2,0,0,0
Fasting with stable basal,oref0-loop,10,50,110,0.1,0,0,2,0,0,0
Fasting with stable basal,oref0-loop,11,55,89,-21,0,0,2,0,0.6621,0
Fasting with stable basal,oref0-loop,12,60,89,0,0,0,2,0,0.6621,0
Fasting with stable basal,oref0-loop,13,65,89,0,0,0,2,0,0.6621,0
Fasting with stable basal,oref0-loop,14,70,89,0.1,0,0,2,0,0.6621,0
Fasting with stable basal,oref0-loop,15,75,89,0.1,0,0,2,0,0.6621,0
Fasting with stable basal,oref0-loop,16,80,89,0,0,0,2,0,0.6621,0
Fasting with stable basal,oref0-loop,17,85,89,0.1,0,0,2,0,0.6621,0
Fasting with stable basal,oref0-loop,18,90,89,0.1,0,0,2,0,0.6621,0
Fasting with stable basal,oref0-loop,19,95,89,-0.1,0,0,2,0,0.6621,0
Fasting with stable basal,oref0-loop,20,100,89,0.1,0,0,2,0,0.6621,0
Fasting with stable basal,oref0-loop,21,105,89,0,0,0,2,0,0.6621,0
Fasting with stable basal,oref0-loop,22,110,89,0,0,0,2,0,0.6621,0
Fasting with stable basal,oref0-loop,23,115,89,0.1,0,0,2,0,0.6621,0
Fasting with stable basal,oref0-loop,24,120,89,0,0,0,2,0,0.6621,0
Fasting with stable basal,oref0-loop,25,125,89,0.1,0,0,2,0,0.6621,0
Fasting with stable basal,oref0-loop,26,130,89,0,0,0,2,0,0.6621,0
Fasting with stable basal,oref0-loop,27,135,89,0.1,0,0,2,0,0.6621,0
Fasting with stable basal,oref0-loop,28,140,89,0,0,0,2,0,0.6621,0
Fasting with stable basal,oref0-loop,29,145,89,0,0,0,2,0,0.6621,0
Fasting with stable basal,oref0-loop,30,150,89,0.1,0,0,2,0,0.6621,0
Fasting with stable basal,oref0-loop,31,155,89,-0.1,0,0,2,0,0.6621,0
Fasting with stable basal,oref0-loop,32,160,89,-0.1,0,0,2,0,0.6621,0
Fasting with stable basal,oref0-loop,33,165,89,-0.1,0,0,2,0,0.6621,0
Fasting with stable basal,oref0-loop,34,170,89,0,0,0,2,0,0.6621,0
Fasting with stable basal,oref0-loop,35,175,89,-0.1,0,0,2,0,0.6621,0
Fasting with stable basal,oref0-loop,36,180,89,-0.1,0,0,2,0,0.6621,0
Fasting with stable basal,oref0-loop,37,185,89,-0.1,0,0,2,0,0.6621,0
Fasting with stable basal,oref0-loop,38,190,89,0.1,0,0,2,0,0.6621,0
Fasting with stable basal,oref0-loop,39,195,89,0,0,0,2,0,0.6621,0
Fasting with stable basal,oref0-loop,40,200,89,0,0,0,2,0,0.6621,0
Fasting with stable basal,oref0-loop,41,205,89,0,0,0,2,0,0.6621,0
Fasting with stable basal,oref0-loop,42,210,89,0.1,0,0,2,0,0.6621,0
Fasting with stable basal,oref0-loop,43,215,89,0,0,0,2,0,0.6621,0
Fasting with stable basal,oref0-loop,44,220,89,0,0,0,2,0,0.6621,0
Fasting with stable basal,oref0-loop,45,225,89,-0.1,0,0,2,0,0.6621,0
Fasting with stable basal,oref0-loop,46,230,89,0,0,0,2,0,0.6621,0
Fasting with stable basal,oref0-loop,47,235,89,-0.1,0,0,2,0,0.6621,0
Fasting with stable basal,oref0-loop,48,240,89,0.1,0,0,2,0,0.6621,0
Fasting with stable basal,oref0-loop,49,245,89,0.1,0,0,2,0,0.6621,0
Fasting with stable basal,oref0-loop,50,250,89,0.1,0,0,2,0,0.6621,0
Fasting with stable basal,oref0-loop,51,255,89,-0.1,0,0,2,0,0.6621,0
Fasting with stable basal,oref0-loop,52,260,89,0,0,0,2,0,0.6621,0
Fasting with stable basal,oref0-loop,53,265,89,0.1,0,0,2,0,0.6621,0
Fasting with stable basal,oref0-loop,54,270,89,0,0,0,2,0,0.6621,0
Fasting with stable basal,oref0-loop,55,275,89,0,0,0,2,0,0.6621,0
Fasting with stable basal,oref0-loop,56,280,89,0,0,0,2,0,0.6621,0
Fasting with stable basal,oref0-loop,57,285,89,-0.1,0,0,2,0,0.6621,0
Fasting with stable basal,oref0-loop,58,290,89,0,0,0,2,0,0.6621,0
Fasting with stable basal,oref0-loop,59,295,89,0,0,0,2,0,0.6621,0
Fasting with stable basal,oref0-loop,60,300,89,0,0,0,2,0,0.6621,0
Fasting with stable basal,oref0-loop,61,305,89,0.1,0,0,2,0,0.6621,0
Fasting with stable basal,oref0-loop,62,310,89,0.1,0,0,2,0,0.6621,0
Fasting with stable basal,oref0-loop,63,315,89,0,0,0,2,0,0.6621,0
Fasting with stable basal,oref0-loop,64,320,89,0,0,0,2,0,0.6621,0
Fasting with stable basal,oref0-loop,65,325,89,-0.1,0,0,2,0,0.6621,0
Fasting with stable basal,oref0-loop,66,330,89,0,0,0,2,0,0.6621,0
Fasting with stable basal,oref0-loop,67,335,89,-0.1,0,0,2,0,0.6621,0
Fasting with stable basal,oref0-loop,68,340,89,-0.1,0,0,2,0,0.6621,0
Fasting with stable basal,oref0-loop,69,345,89,0,0,0,2,0,0.6621,0
Fasting with stable basal,oref0-loop,70,350,89,0.1,0,0,2,0,0.6621,0
Fasting with stable basal,oref0-loop,71,355,89,0,0,0,2,0,0.6621,0
Hypoglycemia recovery,open-loop,0,0,64,-1,0,0,1.6,0,0,0.8
Hypoglycemia recovery,open-loop,1,5,64,0,0,0,1.6,0,0,0.8
Hypoglycemia recovery,open-loop,2,10,64,0.1,0,0,1.6,0,0,0.8
Hypoglycemia recovery,open-loop,3,15,64,-0.1,0,0,1.6,0,0,0.8
Hypoglycemia recovery,open-loop,4,20,64,0.1,0,0,1.6,0,0,0.8
Hypoglycemia recovery,open-loop,5,25,64,0,0,0,1.6,0,0,0.8
Hypoglycemia recovery,open-loop,6,30,64,0.1,0,0,1.6,0,0,0.8
Hypoglycemia recovery,open-loop,7,35,64,0,0,0,1.6,0,0,0.8
Hypoglycemia recovery,open-loop,8,40,64,0,0,0,1.6,0,0,0.8
Hypoglycemia recovery,open-loop,9,45,64,-0.1,0,0,1.6,0,0,0.8
Hypoglycemia recovery,open-loop,10,50,64,-0.1,0,0,1.6,0,0,0.8
Hypoglycemia recovery,open-loop,11,55,89,25,0,0,1.6,0,0.5297,0.8
Hypoglycemia recovery,open-loop,12,60,89,0.1,0,0,1.6,0,0.5297,0.8
Hypoglycemia recovery,open-loop,13,65,89,0,0,0,1.6,0,0.5297,0.8
Hypoglycemia recovery,open-loop,14,70,89,0,0,0,1.6,0,0.5297,0.8
Hypoglycemia recovery,open-loop,15,75,89,0.1,0,0,1.6,0,0.5297,0.8
Hypoglycemia recovery,open-loop,16,80,89,0,0,0,1.6,0,0.5297,0.8
Hypoglycemia recovery,open-loop,17,85,89,0,0,0,1.6,0,0.5297,0.8
Hypoglycemia recovery,open-loop,18,90,89,-0.1,0,0,1.6,0,0.5297,0.8
Hypoglycemia recovery,open-loop,19,95,89,0,0,0,1.6,0,0.5297,0.8
Hypoglycemia recovery,open-loop,20,100,89,0,0,0,1.6,0,0.5297,0.8
Hypoglycemia recovery,open-loop,21,105,89,0,0,0,1.6,0,0.5297,0.8
Hypoglycemia recovery,open-loop,22,110,89,0,0,0,1.6,0,0.5297,0.8
Hypoglycemia recovery,open-loop,23,115,89,0.1,0,0,1.6,0,0.5297,0.8
Hypoglycemia recovery,open-loop,24,120,89,-0.1,0,0,1.6,0,0.5297,0.8
Hypoglycemia recovery,open-loop,25,125,89,0,0,0,1.6,0,0.5297,0.8
Hypoglycemia recovery,open-loop,26,130,89,0.1,0,0,1.6,0,0.5297,0.8
Hypoglycemia recovery,open-loop,27,135,89,0,0,0,1.6,0,0.5297,0.8
Hypoglycemia recovery,open-loop,28,140,89,0.1,0,0,1.6,0,0.5297,0.8
Hypoglycemia recovery,open-loop,29,145,89,0.1,0,0,1.6,0,0.5297,0.8
Hypoglycemia recovery,open-loop,30,150,89,-0.1,0,0,1.6,0,0.5297,0.8
Hypoglycemia recovery,open-loop,31,155,89,0,0,0,1.6,0,0.5297,0.8
Hypoglycemia recovery,open-loop,32,160,89,0,0,0,1.6,0,0.5297,0.8
Hypoglycemia recovery,open-loop,33,165,89,0,0,0,1.6,0,0.5297,0.8
Hypoglycemia recovery,open-loop,34,170,89,0,0,0,1.6,0,0.5297,0.8
Hypoglycemia recovery,open-loop,35,175,89,0,0,0,1.6,0,0.5297,0.8
Hypoglycemia recovery,open-loop,36,180,89,0.1,0,0,1.6,0,0.5297,0.8
Hypoglycemia recovery,open-loop,37,185,89,0.1,0,0,1.6,0,0.5297,0.8
Hypoglycemia recovery,open-loop,38,190,89,0.1,0,0,1.6,0,0.5297,0.8
Hypoglycemia recovery,open-loop,39,195,89,0,0,0,1.6,0,0.5297,0.8
Hypoglycemia recovery,open-loop,40,200,89,0.1,0,0,1.6,0,0.5297,0.8
Hypoglycemia recovery,open-loop,41,205,89,0,0,0,1.6,0,0.5297,0.8
Hypoglycemia recovery,open-loop,42,210,89,0,0,0,1.6,0,0.5297,0.8
Hypoglycemia recovery,open-loop,43,215,89,0,0,0,1.6,0,0.5297,0.8
Hypoglycemia recovery,open-loop,44,220,89,-0.1,0,0,1.6,0,0.5297,0.8
Hypoglycemia recovery,open-loop,45,225,89,0.1,0,0,1.6,0,0.5297,0.8
Hypoglycemia recovery,open-loop,46,230,89,0,0,0,1.6,0,0.5297,0.8
Hypoglycemia recovery,open-loop,47,235,89,0,0,0,1.6,0,0.5297,0.8
Hypoglycemia recovery,oref0-loop,0,0,64,-0.3,0,0,1.6,0,0,0
Hypoglycemia recovery,oref0-loop,1,5,64,0,0,0,1.6,0,0,0
Hypoglycemia recovery,oref0-loop,2,10,64,0,0,0,1.6,0,0,0
Hypoglycemia recovery,oref0-loop,3,15,64,0,0,0,1.6,0,0,0
Hypoglycemia recovery,oref0-loop,4,20,64,0,0,0,1.6,0,0,0
Hypoglycemia recovery,oref0-loop,5,25,64,0.1,0,0,1.6,0,0,0
Hypoglycemia recovery,oref0-loop,6,30,64,-0.1,0,0,1.6,0,0,0
Hypoglycemia recovery,oref0-loop,7,35,64,0,0,0,1.6,0,0,0
Hypoglycemia recovery,oref0-loop,8,40,64,0,0,0,1.6,0,0,0
Hypoglycemia recovery,oref0-loop,9,45,64,-0.1,0,0,1.6,0,0,0
Hypoglycemia recovery,oref0-loop,10,50,64,-0.1,0,0,1.6,0,0,0
Hypoglycemia recovery,oref0-loop,11,55,89,25,0,0,1.6,0,0.5297,0
Hypoglycemia recovery,oref0-loop,12,60,89,0,0,0,1.6,0,0.5297,0
Hypoglycemia recovery,oref0-loop,13,65,89,0,0,0,1.6,0,0.5297,0
Hypoglycemia recovery,oref0-loop,14,70,89,0,0,0,1.6,0,0.5297,0
Hypoglycemia recovery,oref0-loop,15,75,89,0,0,0,1.6,0,0.5297,0
Hypoglycemia recovery,oref0-loop,16,80,89,-0.1,0,0,1.6,0,0.5297,0
Hypoglycemia recovery,oref0-loop,17,85,89,0,0,0,1.6,0,0.5297,0
Hypoglycemia recovery,oref0-loop,18,90,89,0,0,0,1.6,0,0.5297,0
Hypoglycemia recovery,oref0-loop,19,95,89,-0.1,0,0,1.6,0,0.5297,0
Hypoglycemia recovery,oref0-loop,20,100,89,0.1,0,0,1.6,0,0.5297,0
Hypoglycemia recovery,oref0-loop,21,105,89,0.1,0,0,1.6,0,0.5297,0
Hypoglycemia recovery,oref0-loop,22,110,89,0,0,0,1.6,0,0.5297,0
Hypoglycemia recovery,oref0-loop,23,115,89,0.1,0,0,1.6,0,0.5297,0
Hypoglycemia recovery,oref0-loop,24,120,89,0.1,0,0,1.6,0,0.5297,0
Hypoglycemia recovery,oref0-loop,25,125,89,0,0,0,1.6,0,0.5297,0
Hypoglycemia recovery,oref0-loop,26,130,89,-0.1,0,0,1.6,0,0.5297,0
Hypoglycemia recovery,oref0-loop,27,135,89,0,0,0,1.6,0,0.5297,0
Hypoglycemia recovery,oref0-loop,28,140,89,-0.1,0,0,1.6,0,0.5297,0
Hypoglycemia recovery,oref0-loop,29,145,89,-0.1,0,0,1.6,0,0.5297,0
Hypoglycemia recovery,oref0-loop,30,150,89,-0.1,0,0,1.6,0,0.5297,0
Hypoglycemia recovery,oref0-loop,31,155,89,0,0,0,1.6,0,0.5297,0
Hypoglycemia recovery,oref0-loop,32,160,89,0,0,0,1.6,0,0.5297,0
Hypoglycemia recovery,oref0-loop,33,165,89,-0.1,0,0,1.6,0,0.5297,0
Hypoglycemia recovery,oref0-loop,34,170,89,0,0,0,1.6,0,0.5297,0
Hypoglycemia recovery,oref0-loop,35,175,89,0,0,0,1.6,0,0.5297,0
Hypoglycemia recovery,oref0-loop,36,180,89,0.1,0,0,1.6,0,0.5297,0
Hypoglycemia recovery,oref0-loop,37,185,89,0.1,0,0,1.6,0,0.5297,0
Hypoglycemia recovery,oref0-loop,38,190,89,0,0,0,1.6,0,0.5297,0
Hypoglycemia recovery,oref0-loop,39,195,89,-0.1,0,0,1.6,0,0.5297,0
Hypoglycemia recovery,oref0-loop,40,200,89,0,0,0,1.6,0,0.5297,0
Hypoglycemia recovery,oref0-loop,41,205,89,0.1,0,0,1.6,0,0.5297,0
Hypoglycemia recovery,oref0-loop,42,210,89,0,0,0,1.6,0,0.5297,0
Hypoglycemia recovery,oref0-loop,43,215,89,0.1,0,0,1.6,0,0.5297,0
Hypoglycemia recovery,oref0-loop,44,220,89,0,0,0,1.6,0,0.5297,0
Hypoglycemia recovery,oref0-loop,45,225,89,0,0,0,1.6,0,0.5297,0
Hypoglycemia recovery,oref0-loop,46,230,89,0,0,0,1.6,0,0.5297,0
Hypoglycemia recovery,oref0-loop,47,235,89,-0.1,0,0,1.6,0,0.5297,0
Dawn phenomenon (rising BG),open-loop,0,0,120,0.5,0,0,2.06,0,0,0.9
Dawn phenomenon (rising BG),open-loop,1,5,120,0.1,0,0,2.06,0,0,0.9
Dawn phenomenon (rising BG),open-loop,2,10,120,-0.1,0,0,2.06,0,0,0.9
Dawn phenomenon (rising BG),open-loop,3,15,120,-0.1,0,0,2.06,0,0,0.9
Dawn phenomenon (rising BG),open-loop,4,20,120,0,0,0,2.06,0,0,0.9
Dawn phenomenon (rising BG),open-loop,5,25,120,0,0,0,2.06,0,0,0.9
Dawn phenomenon (rising BG),open-loop,6,30,120,0,0,0,2.06,0,0,0.9
Dawn phenomenon (rising BG),open-loop,7,35,120,-0.1,0,0,2.06,0,0,0.9
Dawn phenomenon (rising BG),open-loop,8,40,120,0,0,0,2.06,0,0,0.9
Dawn phenomenon (rising BG),open-loop,9,45,120,0,0,0,2.06,0,0,0.9
Dawn phenomenon (rising BG),open-loop,10,50,120,0,0,0,2.06,0,0,0.9
Dawn phenomenon (rising BG),open-loop,11,55,90,-30,0,0,2.06,0,0.2984,0.9
Dawn phenomenon (rising BG),open-loop,12,60,90,0,0,0,2.06,0,0.2984,0.9
Dawn phenomenon (rising BG),open-loop,13,65,90,-0.1,0,0,2.06,0,0.2984,0.9
Dawn phenomenon (rising BG),open-loop,14,70,90,0,0,0,2.06,0,0.2984,0.9
Dawn phenomenon (rising BG),open-loop,15,75,90,0.1,0,0,2.06,0,0.2984,0.9
Dawn phenomenon (rising BG),open-loop,16,80,90,-0.1,0,0,2.06,0,0.2984,0.9
Dawn phenomenon (rising BG),open-loop,17,85,90,-0.1,0,0,2.06,0,0.2984,0.9
Dawn phenomenon (rising BG),open-loop,18,90,90,0,0,0,2.06,0,0.2984,0.9
Dawn phenomenon (rising BG),open-loop,19,95,90,0.1,0,0,2.06,0,0.2984,0.9
Dawn phenomenon (rising BG),open-loop,20,100,90,-0.1,0,0,2.06,0,0.2984,0.9
Dawn phenomenon (rising BG),open-loop,21,105,90,0,0,0,2.06,0,0.2984,0.9
Dawn phenomenon (rising BG),open-loop,22,110,90,0,0,0,2.06,0,0.2984,0.9
Dawn phenomenon (rising BG),open-loop,23,115,90,0.1,0,0,2.06,0,0.2984,0.9
Dawn phenomenon (rising BG),open-loop,24,120,90,-0.1,0,0,2.06,0,0.2984,0.9
Dawn phenomenon (rising BG),open-loop,25,125,90,0.1,0,0,2.06,0,0.2984,0.9
Dawn phenomenon (rising BG),open-loop,26,130,90,0.1,0,0,2.06,0,0.2984,0.9
Dawn phenomenon (rising BG),open-loop,27,135,90,0.1,0,0,2.06,0,0.2984,0.9
Dawn phenomenon (rising BG),open-loop,28,140,90,0,0,0,2.06,0,0.2984,0.9
Dawn phenomenon (rising BG),open-loop,29,145,90,-0.1,0,0,2.06,0,0.2984,0.9
Dawn phenomenon (rising BG),open-loop,30,150,90,0,0,0,2.06,0,0.2984,0.9
Dawn phenomenon (rising BG),open-loop,31,155,90,0.1,0,0,2.06,0,0.2984,0.9
Dawn phenomenon (rising BG),open-loop,32,160,90,0,0,0,2.06,0,0.2984,0.9
Dawn phenomenon (rising BG),open-loop,33,165,90,0,0,0,2.06,0,0.2984,0.9
Dawn phenomenon (rising BG),open-loop,34,170,90,0,0,0,2.06,0,0.2984,0.9
Dawn phenomenon (rising BG),open-loop,35,175,90,0.1,0,0,2.06,0,0.2984,0.9
Dawn phenomenon (rising BG),open-loop,36,180,90,0,0,0,2.06,0,0.2984,0.9
Dawn phenomenon (rising BG),open-loop,37,185,90,0,0,0,2.06,0,0.2984,0.9
Dawn phenomenon (rising BG),open-loop,38,190,90,0,0,0,2.06,0,0.2984,0.9
Dawn phenomenon (rising BG),open-loop,39,195,90,0,0,0,2.06,0,0.2984,0.9
Dawn phenomenon (rising BG),open-loop,40,200,90,0.1,0,0,2.06,0,0.2984,0.9
Dawn phenomenon (rising BG),open-loop,41,205,90,0,0,0,2.06,0,0.2984,0.9
Dawn phenomenon (rising BG),open-loop,42,210,90,-0.1,0,0,2.06,0,0.2984,0.9
Dawn phenomenon (rising BG),open-loop,43,215,90,0,0,0,2.06,0,0.2984,0.9
Dawn phenomenon (rising BG),open-loop,44,220,90,0.1,0,0,2.06,0,0.2984,0.9
Dawn phenomenon (rising BG),open-loop,45,225,90,0,0,0,2.06,0,0.2984,0.9
Dawn phenomenon (rising BG),open-loop,46,230,90,-0.1,0,0,2.06,0,0.2984,0.9
Dawn phenomenon (rising BG),open-loop,47,235,90,0,0,0,2.06,0,0.2984,0.9
Dawn phenomenon (rising BG),open-loop,48,240,90,0,0,0,2.06,0,0.2984,0.9
Dawn phenomenon (rising BG),open-loop,49,245,90,0,0,0,2.06,0,0.2984,0.9
Dawn phenomenon (rising BG),open-loop,50,250,90,0.1,0,0,2.06,0,0.2984,0.9
Dawn phenomenon (rising BG),open-loop,51,255,90,0,0,0,2.06,0,0.2984,0.9
Dawn phenomenon (rising BG),open-loop,52,260,90,0,0,0,2.06,0,0.2984,0.9
Dawn phenomenon (rising BG),open-loop,53,265,90,0.1,0,0,2.06,0,0.2984,0.9
Dawn phenomenon (rising BG),open-loop,54,270,90,0.1,0,0,2.06,0,0.2984,0.9
Dawn phenomenon (rising BG),open-loop,55,275,90,0,0,0,2.06,0,0.2984,0.9
Dawn phenomenon (rising BG),open-loop,56,280,90,0,0,0,2.06,0,0.2984,0.9
Dawn phenomenon (rising BG),open-loop,57,285,90,0,0,0,2.06,0,0.2984,0.9
Dawn phenomenon (rising BG),open-loop,58,290,90,0,0,0,2.06,0,0.2984,0.9
Dawn phenomenon (rising BG),open-loop,59,295,90,0,0,0,2.06,0,0.2984,0.9
Dawn phenomenon (rising BG),oref0-loop,0,0,120,0.4,0,0,2.06,0,0,0
Dawn phenomenon (rising BG),oref0-loop,1,5,120,-0.1,0,0,2.06,0,0,0
Dawn phenomenon (rising BG),oref0-loop,2,10,120,-0.1,0,0,2.06,0,0,0
Dawn phenomenon (rising BG),oref0-loop,3,15,120,0,0,0,2.06,0,0,0
Dawn phenomenon (rising BG),oref0-loop,4,20,120,0.1,0,0,2.06,0,0,0
Dawn phenomenon (rising BG),oref0-loop,5,25,120,0.1,0,0,2.06,0,0,0
Dawn phenomenon (rising BG),oref0-loop,6,30,120,0,0,0,2.06,0,0,0
Dawn phenomenon (rising BG),oref0-loop,7,35,120,0,0,0,2.06,0,0,0
Dawn phenomenon (rising BG),oref0-loop,8,40,120,0,0,0,2.06,0,0,0
Dawn phenomenon (rising BG),oref0-loop,9,45,120,-0.1,0,0,2.06,0,0,0
Dawn phenomenon (rising BG),oref0-loop,10,50,120,0.1,0,0,2.06,0,0,0
Dawn phenomenon (rising BG),oref0-loop,11,55,90,-30,0,0,2.06,0,0.2984,0
Dawn phenomenon (rising BG),oref0-loop,12,60,90,0,0,0,2.06,0,0.2984,0
Dawn phenomenon (rising BG),oref0-loop,13,65,90,0.1,0,0,2.06,0,0.2984,0
Dawn phenomenon (rising BG),oref0-loop,14,70,90,0.1,0,0,2.06,0,0.2984,0
Dawn phenomenon (rising BG),oref0-loop,15,75,90,0.1,0,0,2.06,0,0.2984,0
Dawn phenomenon (rising BG),oref0-loop,16,80,90,0,0,0,2.06,0,0.2984,0
Dawn phenomenon (rising BG),oref0-loop,17,85,90,0,0,0,2.06,0,0.2984,0
Dawn phenomenon (rising BG),oref0-loop,18,90,90,0,0,0,2.06,0,0.2984,0
Dawn phenomenon (rising BG),oref0-loop,19,95,90,-0.1,0,0,2.06,0,0.2984,0
Dawn phenomenon (rising BG),oref0-loop,20,100,90,0,0,0,2.06,0,0.2984,0
Dawn phenomenon (rising BG),oref0-loop,21,105,90,0.1,0,0,2.06,0,0.2984,0
Dawn phenomenon (rising BG),oref0-loop,22,110,90,-0.1,0,0,2.06,0,0.2984,0
Dawn phenomenon (rising BG),oref0-loop,23,115,90,-0.1,0,0,2.06,0,0.2984,0
Dawn phenomenon (rising BG),oref0-loop,24,120,90,0,0,0,2.06,0,0.2984,0
Dawn phenomenon (rising BG),oref0-loop,25,125,90,0,0,0,2.06,0,0.2984,0
Dawn phenomenon (rising BG),oref0-loop,26,130,90,0,0,0,2.06,0,0.2984,0
Dawn phenomenon (rising BG),oref0-loop,27,135,90,0,0,0,2.06,0,0.2984,0
Dawn phenomenon (rising BG),oref0-loop,28,140,90,0,0,0,2.06,0,0.2984,0
Dawn phenomenon (rising BG),oref0-loop,29,145,90,0,0,0,2.06,0,0.2984,0
Dawn phenomenon (rising BG),oref0-loop,30,150,90,0.1,0,0,2.06,0,0.2984,0
Dawn phenomenon (rising BG),oref0-loop,31,155,90,0,0,0,2.06,0,0.2984,0
Dawn phenomenon (rising BG),oref0-loop,32,160,90,-0.1,0,0,2.06,0,0.2984,0
Dawn phenomenon (rising BG),oref0-loop,33,165,90,-0.1,0,0,2.06,0,0.2984,0
Dawn phenomenon (rising BG),oref0-loop,34,170,90,-0.1,0,0,2.06,0,0.2984,0
Dawn phenomenon (rising BG),oref0-loop,35,175,90,-0.1,0,0,2.06,0,0.2984,0
Dawn phenomenon (rising BG),oref0-loop,36,180,90,0,0,0,2.06,0,0.2984,0
Dawn phenomenon (rising BG),oref0-loop,37,185,90,-0.1,0,0,2.06,0,0.2984,0
Dawn phenomenon (rising BG),oref0-loop,38,190,90,-0.1,0,0,2.06,0,0.2984,0
Dawn phenomenon (rising BG),oref0-loop,39,195,90,0,0,0,2.06,0,0.2984,0
Dawn phenomenon (rising BG),oref0-loop,40,200,90,0,0,0,2.06,0,0.2984,0
Dawn phenomenon (rising BG),oref0-loop,41,205,90,0,0,0,2.06,0,0.2984,0
Dawn phenomenon (rising BG),oref0-loop,42,210,90,0,0,0,2.06,0,0.2984,0
Dawn phenomenon (rising BG),oref0-loop,43,215,90,0,0,0,2.06,0,0.2984,0
Dawn phenomenon (rising BG),oref0-loop,44,220,90,0,0,0,2.06,0,0.2984,0
Dawn phenomenon (rising BG),oref0-loop,45,225,90,0.1,0,0,2.06,0,0.2984,0
Dawn phenomenon (rising BG),oref0-loop,46,230,90,-0.1,0,0,2.06,0,0.2984,0
Dawn phenomenon (rising BG),oref0-loop,47,235,90,-0.1,0,0,2.06,0,0.2984,0
Dawn phenomenon (rising BG),oref0-loop,48,240,90,0.1,0,0,2.06,0,0.2984,0
Dawn phenomenon (rising BG),oref0-loop,49,245,90,0,0,0,2.06,0,0.2984,0
Dawn phenomenon (rising BG),oref0-loop,50,250,90,0.1,0,0,2.06,0,0.2984,0
Dawn phenomenon (rising BG),oref0-loop,51,255,90,-0.1,0,0,2.06,0,0.2984,0
Dawn phenomenon (rising BG),oref0-loop,52,260,90,0,0,0,2.06,0,0.2984,0
Dawn phenomenon (rising BG),oref0-loop,53,265,90,0,0,0,2.06,0,0.2984,0
Dawn phenomenon (rising BG),oref0-loop,54,270,90,0.1,0,0,2.06,0,0.2984,0
Dawn phenomenon (rising BG),oref0-loop,55,275,90,0,0,0,2.06,0,0.2984,0
Dawn phenomenon (rising BG),oref0-loop,56,280,90,0.1,0,0,2.06,0,0.2984,0
Dawn phenomenon (rising BG),oref0-loop,57,285,90,0.1,0,0,2.06,0,0.2984,0
Dawn phenomenon (rising BG),oref0-loop,58,290,90,0.1,0,0,2.06,0,0.2984,0
Dawn phenomenon (rising BG),oref0-loop,59,295,90,-0.1,0,0,2.06,0,0.2984,0
Post-meal exercise,open-loop,0,0,139,-0.4,6.1,3.12,2,0,0,1
Post-meal exercise,open-loop,1,5,139,0.1,4.6,3.12,2,0,0,1
Post-meal exercise,open-loop,2,10,139,0,20.3,3.12,2,0,0,1
Post-meal exercise,open-loop,3,15,139,0.1,9,3.12,2,0,0,1
Post-meal exercise,open-loop,4,20,139,0,24.1,3.12,2,0,0,1
Post-meal exercise,open-loop,5,25,139,0.1,11.5,3.12,2,0,0,1
Post-meal exercise,open-loop,6,30,139,0.1,6.1,3.12,2,0,0,1
Post-meal exercise,open-loop,7,35,139,0,11.8,3.12,2,0,0,1
Post-meal exercise,open-loop,8,40,139,0,4.7,3.12,2,0,0,1
Post-meal exercise,open-loop,9,45,139,0.1,11.6,3.12,2,0,0,1
Post-meal exercise,open-loop,10,50,139,0.1,25.3,3.12,2,0,0,1
Post-meal exercise,open-loop,11,55,89,-50,28.1,3.12,2,0.291,1.5542,1
Post-meal exercise,open-loop,12,60,89,0.1,10,3.12,2,0.3031,1.5542,1
Post-meal exercise,open-loop,13,65,89,0,9.2,3.12,2,0.4085,1.5542,1
Post-meal exercise,open-loop,14,70,88,-1,25.8,3.12,2,0.2717,1.5542,1
Post-meal exercise,open-loop,15,75,88,0,7.2,3.12,2,0.1855,1.5542,1
Post-meal exercise,open-loop,16,80,88,0,11.8,3.12,2,0.0508,1.5542,1
Post-meal exercise,open-loop,17,85,88,0.1,7.7,3.12,2,0.0689,1.5542,1
Post-meal exercise,open-loop,18,90,88,0,8.7,3.12,2,0.116,1.5542,1
Post-meal exercise,open-loop,19,95,89,1,24.6,3.12,2,0.4407,1.5542,1
Post-meal exercise,open-loop,20,100,88,-1,13.7,3.12,2,0.1861,1.5542,1
Post-meal exercise,open-loop,21,105,89,1,1.9,3.12,2,0.4852,1.5542,1
Post-meal exercise,open-loop,22,110,88,-1,22.8,3.12,2,0.0441,1.5542,1
Post-meal exercise,open-loop,23,115,89,1,22.4,3.12,2,0.3541,1.5542,1
Post-meal exercise,open-loop,24,120,89,0.1,4.5,3.12,2,0.4024,1.5542,1
Post-meal exercise,open-loop,25,125,88,-1,10.5,3.12,2,0.096,1.5542,1
Post-meal exercise,open-loop,26,130,89,1,15.1,3.12,2,0.3245,1.5542,1
Post-meal exercise,open-loop,27,135,88,-1,1.8,3.12,2,0.2257,1.5542,1
Post-meal exercise,open-loop,28,140,88,-0.1,8.7,3.12,2,0.0753,1.5542,1
Post-meal exercise,open-loop,29,145,88,-0.1,14.5,3.12,2,0.2813,1.5542,1
Post-meal exercise,open-loop,30,150,88,-0.1,0.5,3.12,2,0.0738,1.5542,1
Post-meal exercise,open-loop,31,155,88,0,0.8,3.12,2,0.1478,1.5542,1
Post-meal exercise,open-loop,32,160,89,1,16.2,3.12,2,0.3071,1.5542,1
Post-meal exercise,open-loop,33,165,88,-1,3.5,3.12,2,0.2551,1.5542,1
Post-meal exercise,open-loop,34,170,88,0,1.1,3.12,2,0.0557,1.5542,1
Post-meal exercise,open-loop,35,175,88,0,4.4,3.12,2,0.152,1.5542,1
Post-meal exercise,open-loop,36,180,89,1,9.7,3.12,2,0.4384,1.5542,1
Post-meal exercise,open-loop,37,185,88,-1,18.5,3.12,2,0.1988,1.5542,1
Post-meal exercise,open-loop,38,190,89,1,9.8,3.12,2,0.4052,1.5542,1
Post-meal exercise,open-loop,39,195,89,0,9.5,3.12,2,0.3804,1.5542,1
Post-meal exercise,open-loop,40,200,89,-0.1,22.6,3.12,2,0.3365,1.5542,1
Post-meal exercise,open-loop,41,205,89,0,19.1,3.12,2,0.4136,1.5542,1
Post-meal exercise,open-loop,42,210,88,-1,0.2,3.12,2,0.0816,1.5542,1
Post-meal exercise,open-loop,43,215,89,1,8.9,3.12,2,0.3746,1.5542,1
Post-meal exercise,open-loop,44,220,89,0,2.5,3.12,2,0.4806,1.5542,1
Post-meal exercise,open-loop,45,225,89,0.1,21.7,3.12,2,0.4485,1.5542,1
Post-meal exercise,open-loop,46,230,89,-0.1,2.7,3.12,2,0.4165,1.5542,1
Post-meal exercise,open-loop,47,235,88,-1,8.4,3.12,2,0.2203,1.5542,1
Post-meal exercise,oref0-loop,0,0,140,0.4,16.7,3.12,2,0,0,1
Post-meal exercise,oref0-loop,1,5,140,0.1,8.3,3.12,2,0,0,1
Post-meal exercise,oref0-loop,2,10,140,0,4.3,3.12,2,0,0,1
Post-meal exercise,oref0-loop,3,15,140,0,8.1,3.12,2,0,0,1
Post-meal exercise,oref0-loop,4,20,140,0,5.6,3.12,2,0,0,1
Post-meal exercise,oref0-loop,5,25,140,-0.1,14.7,3.12,2,0,0,1
Post-meal exercise,oref0-loop,6,30,140,0,18.2,3.12,2,0,0,1
Post-meal exercise,oref0-loop,7,35,140,0,18.7,3.12,2,0,0,1
Post-meal exercise,oref0-loop,8,40,140,0,3.9,3.12,2,0,0,1
Post-meal exercise,oref0-loop,9,45,140,0,4.2,3.12,2,0,0,1
Post-meal exercise,oref0-loop,10,50,140,-0.1,13.9,3.12,2,0,0,1
Post-meal exercise,oref0-loop,11,55,88,-52,11.1,3.12,2,0.0823,1.5542,0
Post-meal exercise,oref0-loop,12,60,89,1,3.5,3.12,2,0.5101,1.5542,0
Post-meal exercise,oref0-loop,13,65,88,-1,24.3,3.12,2,0.2826,1.5542,0
Post-meal exercise,oref0-loop,14,70,89,1,12,3.12,2,0.4132,1.5542,0
Post-meal exercise,oref0-loop,15,75,88,-1,19.8,3.12,2,0.2533,1.5542,0
Post-meal exercise,oref0-loop,16,80,88,0.1,8.1,3.12,2,0.2291,1.5542,0
Post-meal exercise,oref0-loop,17,85,89,1,3.5,3.12,2,0.4976,1.5542,0
Post-meal exercise,oref0-loop,18,90,88,-1,12.8,3.12,2,0.1133,1.5542,0
Post-meal exercise,oref0-loop,19,95,88,0.1,11.4,3.12,2,0.281,1.5542,0
Post-meal exercise,oref0-loop,20,100,88,0.1,18.5,3.12,2,0.1941,1.5542,0
Post-meal exercise,oref0-loop,21,105,89,1,20.8,3.12,2,0.4703,1.5542,0
Post-meal exercise,oref0-loop,22,110,89,0.1,13.6,3.12,2,0.5317,1.5542,0
Post-meal exercise,oref0-loop,23,115,88,-1,6,3.12,2,0.2545,1.5542,0
Post-meal exercise,oref0-loop,24,120,88,0,2.9,3.12,2,0.0993,1.5542,0
Post-meal exercise,oref0-loop,25,125,88,0.1,11.3,3.12,2,0.1593,1.5542,0
Post-meal exercise,oref0-loop,26,130,89,1,20.1,3.12,2,0.3259,1.5542,0
Post-meal exercise,oref0-loop,27,135,89,0,25.2,3.12,2,0.321,1.5542,0
Post-meal exercise,oref0-loop,28,140,89,0.1,3.8,3.12,2,0.4279,1.5542,0
Post-meal exercise,oref0-loop,29,145,89,0,20.8,3.12,2,0.3141,1.5542,0
Post-meal exercise,oref0-loop,30,150,88,-1,12.8,3.12,2,0.1843,1.5542,0
Post-meal exercise,oref0-loop,31,155,88,-0.1,4.9,3.12,2,0.2757,1.5542,0
Post-meal exercise,oref0-loop,32,160,89,1,11.8,3.12,2,0.2903,1.5542,0
Post-meal exercise,oref0-loop,33,165,89,0,2.4,3.12,2,0.5754,1.5542,0
Post-meal exercise,oref0-loop,34,170,88,-1,15.3,3.12,2,0.1814,1.5542,0
Post-meal exercise,oref0-loop,35,175,89,1,10.7,3.12,2,0.3938,1.5542,0
Post-meal exercise,oref0-loop,36,180,88,-1,10.1,3.12,2,0.0578,1.5542,0
Post-meal exercise,oref0-loop,37,185,89,1,13.2,3.12,2,0.353,1.5542,0
Post-meal exercise,oref0-loop,38,190,89,0,18.7,3.12,2,0.3384,1.5542,0
Post-meal exercise,oref0-loop,39,195,89,0,11.2,3.12,2,0.3123,1.5542,0
Post-meal exercise,oref0-loop,40,200,88,-1,4.1,3.12,2,0.2032,1.5542,0
Post-meal exercise,oref0-loop,41,205,88,0,0.6,3.12,2,0.1889,1.5542,0
Post-meal exercise,oref0-loop,42,210,88,-0.1,16.5,3.12,2,0.0518,1.5542,0
Post-meal exercise,oref0-loop,43,215,88,-0.1,9.8,3.12,2,0.1052,1.5542,0
Post-meal exercise,oref0-loop,44,220,89,1,18.8,3.12,2,0.4849,1.5542,0
Post-meal exercise,oref0-loop,45,225,88,-1,19.9,3.12,2,0.1413,1.5542,0
Post-meal exercise,oref0-loop,46,230,89,1,3.7,3.12,2,0.3221,1.5542,0
Post-meal exercise,oref0-loop,47,235,89,0,17.7,3.12,2,0.348,1.5542,0
Multi-meal day (breakfast + lunch + snack),open-loop,0,0,95,0.8,0,0,2,0,0,1
Multi-meal day (breakfast + lunch + snack),open-loop,1,5,95,0.1,0,0,2,0,0,1
Multi-meal day (breakfast + lunch + snack),open-loop,2,10,95,-0.1,0,0,2,0,0,1
Multi-meal day (breakfast + lunch + snack),open-loop,3,15,95,0,0,0,2,0,0,1
Multi-meal day (breakfast + lunch + snack),open-loop,4,20,95,0.1,0,0,2,0,0,1
Multi-meal day (breakfast + lunch + snack),open-loop,5,25,95,-0.1,0,0,2,0,0,1
Multi-meal day (breakfast + lunch + snack),open-loop,6,30,95,0,0,0,2,0,0,1
Multi-meal day (breakfast + lunch + snack),open-loop,7,35,95,-0.1,0,0,2,0,0,1
Multi-meal day (breakfast + lunch + snack),open-loop,8,40,95,0.1,0,0,2,0,0,1
Multi-meal day (breakfast + lunch + snack),open-loop,9,45,95,0,0,0,2,0,0,1
Multi-meal day (breakfast + lunch + snack),open-loop,10,50,95,-0.1,0,0,2,0,0,1
Multi-meal day (breakfast + lunch + snack),open-loop,11,55,89,-6,0,0,2,0,0.6621,1
Multi-meal day (breakfast + lunch + snack),open-loop,12,60,89,-0.1,0,0,2,0,0.6621,1
Multi-meal day (breakfast + lunch + snack),open-loop,13,65,89,-0.1,0,0,2,0,0.6621,1
Multi-meal day (breakfast + lunch + snack),open-loop,14,70,89,0,0,0,2,0,0.6621,1
Multi-meal day (breakfast + lunch + snack),open-loop,15,75,89,0.1,0,0,2,0,0.6621,1
Multi-meal day (breakfast + lunch + snack),open-loop,16,80,89,0.1,0,0,2,0,0.6621,1
Multi-meal day (breakfast + lunch + snack),open-loop,17,85,89,0,0,0,2,0,0.6621,1
Multi-meal day (breakfast + lunch + snack),open-loop,18,90,89,0,0,0,2,0,0.6621,1
Multi-meal day (breakfast + lunch + snack),open-loop,19,95,89,0,0,0,2,0,0.6621,1
Multi-meal day (breakfast + lunch + snack),open-loop,20,100,89,0,0,0,2,0,0.6621,1
Multi-meal day (breakfast + lunch + snack),open-loop,21,105,89,0,0,0,2,0,0.6621,1
Multi-meal day (breakfast + lunch + snack),open-loop,22,110,89,0.1,0,0,2,0,0.6621,1
Multi-meal day (breakfast + lunch + snack),open-loop,23,115,89,-0.1,0,0,2,0,0.6621,1
Multi-meal day (breakfast + lunch + snack),open-loop,24,120,89,0,0,0,2,0,0.6621,1
Multi-meal day (breakfast + lunch + snack),open-loop,25,125,89,-0.1,0,0,2,0,0.6621,1
Multi-meal day (breakfast + lunch + snack),open-loop,26,130,89,-0.1,0,0,2,0,0.6621,1
Multi-meal day (breakfast + lunch + snack),open-loop,27,135,89,0,0,0,2,0,0.6621,1
Multi-meal day (breakfast + lunch + snack),open-loop,28,140,89,0,0,0,2,0,0.6621,1
Multi-meal day (breakfast + lunch + snack),open-loop,29,145,89,0,0,0,2,0,0.6621,1
Multi-meal day (breakfast + lunch + snack),open-loop,30,150,89,0,0,0,2,0,0.6621,1
Multi-meal day (breakfast + lunch + snack),open-loop,31,155,89,0.1,0,0,2,0,0.6621,1
Multi-meal day (breakfast + lunch + snack),open-loop,32,160,89,0,0,0,2,0,0.6621,1
Multi-meal day (breakfast + lunch + snack),open-loop,33,165,89,0,0,0,2,0,0.6621,1
Multi-meal day (breakfast + lunch + snack),open-loop,34,170,89,0.1,0,0,2,0,0.6621,1
Multi-meal day (breakfast + lunch + snack),open-loop,35,175,89,-0.1,0,0,2,0,0.6621,1
Multi-meal day (breakfast + lunch + snack),open-loop,36,180,89,0,0,0,2,0,0.6621,1
Multi-meal day (breakfast + lunch + snack),open-loop,37,185,89,0,0,0,2,0,0.6621,1
Multi-meal day (breakfast + lunch + snack),open-loop,38,190,89,0,0,0,2,0,0.6621,1
Multi-meal day (breakfast + lunch + snack),open-loop,39,195,89,0,0,0,2,0,0.6621,1
Multi-meal day (breakfast + lunch + snack),open-loop,40,200,89,-0.1,0,0,2,0,0.6621,1
Multi-meal day (breakfast + lunch + snack),open-loop,41,205,89,0,0,0,2,0,0.6621,1
Multi-meal day (breakfast + lunch + snack),open-loop,42,210,89,0.1,0,0,2,0,0.6621,1
Multi-meal day (breakfast + lunch + snack),open-loop,43,215,89,0,0,0,2,0,0.6621,1
Multi-meal day (breakfast + lunch + snack),open-loop,44,220,89,-0.1,0,0,2,0,0.6621,1
Multi-meal day (breakfast + lunch + snack),open-loop,45,225,89,-0.1,0,0,2,0,0.6621,1
Multi-meal day (breakfast + lunch + snack),open-loop,46,230,89,0,0,0,2,0,0.6621,1
Multi-meal day (breakfast + lunch + snack),open-loop,47,235,89,0,0,0,2,0,0.6621,1
Multi-meal day (breakfast + lunch + snack),open-loop,48,240,89,-0.1,0,0,2,0,0.6621,1
Multi-meal day (breakfast + lunch + snack),open-loop,49,245,89,0.1,0,0,2,0,0.6621,1
Multi-meal day (breakfast + lunch + snack),open-loop,50,250,89,0,0,0,2,0,0.6621,1
Multi-meal day (breakfast + lunch + snack),open-loop,51,255,89,0,0,0,2,0,0.6621,1
Multi-meal day (breakfast + lunch + snack),open-loop,52,260,89,0,0,0,2,0,0.6621,1
Multi-meal day (breakfast + lunch + snack),open-loop,53,265,89,-0.1,0,0,2,0,0.6621,1
Multi-meal day (breakfast + lunch + snack),open-loop,54,270,89,-0.1,0,0,2,0,0.6621,1
Multi-meal day (breakfast + lunch + snack),open-loop,55,275,89,-0.1,0,0,2,0,0.6621,1
Multi-meal day (breakfast + lunch + snack),open-loop,56,280,89,0,0,0,2,0,0.6621,1
Multi-meal day (breakfast + lunch + snack),open-loop,57,285,89,-0.1,0,0,2,0,0.6621,1
Multi-meal day (breakfast + lunch + snack),open-loop,58,290,89,0,0,0,2,0,0.6621,1
Multi-meal day (breakfast + lunch + snack),open-loop,59,295,89,0.1,0,0,2,0,0.6621,1
Multi-meal day (breakfast + lunch + snack),open-loop,60,300,89,-0.1,0,0,2,0,0.6621,1
Multi-meal day (breakfast + lunch + snack),open-loop,61,305,89,0,0,0,2,0,0.6621,1
Multi-meal day (breakfast + lunch + snack),open-loop,62,310,89,0.1,0,0,2,0,0.6621,1
Multi-meal day (breakfast + lunch + snack),open-loop,63,315,89,-0.1,0,0,2,0,0.6621,1
Multi-meal day (breakfast + lunch + snack),open-loop,64,320,89,0.1,0,0,2,0,0.6621,1
Multi-meal day (breakfast + lunch + snack),open-loop,65,325,89,-0.1,0,0,2,0,0.6621,1
Multi-meal day (breakfast + lunch + snack),open-loop,66,330,89,0.1,0,0,2,0,0.6621,1
Multi-meal day (breakfast + lunch + snack),open-loop,67,335,89,-0.1,0,0,2,0,0.6621,1
Multi-meal day (breakfast + lunch + snack),open-loop,68,340,89,0.1,0,0,2,0,0.6621,1
Multi-meal day (breakfast + lunch + snack),open-loop,69,345,89,0,0,0,2,0,0.6621,1
Multi-meal day (breakfast + lunch + snack),open-loop,70,350,89,0,0,0,2,0,0.6621,1
Multi-meal day (breakfast + lunch + snack),open-loop,71,355,89,-0.1,0,0,2,0,0.6621,1
Multi-meal day (breakfast + lunch + snack),open-loop,72,360,89,0,0,0,2,0,0.6621,1
Multi-meal day (breakfast + lunch + snack),open-loop,73,365,89,0,0,0,2,0,0.6621,1
Multi-meal day (breakfast + lunch + snack),open-loop,74,370,89,0.1,0,0,2,0,0.6621,1
Multi-meal day (breakfast + lunch + snack),open-loop,75,375,89,0.1,0,0,2,0,0.6621,1
Multi-meal day (breakfast + lunch + snack),open-loop,76,380,89,0.1,0,0,2,0,0.6621,1
Multi-meal day (breakfast + lunch + snack),open-loop,77,385,89,0,0,0,2,0,0.6621,1
Multi-meal day (breakfast + lunch + snack),open-loop,78,390,89,0,0,0,2,0,0.6621,1
Multi-meal day (breakfast + lunch + snack),open-loop,79,395,89,0.1,0,0,2,0,0.6621,1
Multi-meal day (breakfast + lunch + snack),open-loop,80,400,89,-0.1,0,0,2,0,0.6621,1
Multi-meal day (breakfast + lunch + snack),open-loop,81,405,89,0,0,0,2,0,0.6621,1
Multi-meal day (breakfast + lunch + snack),open-loop,82,410,89,0.1,0,0,2,0,0.6621,1
Multi-meal day (breakfast + lunch + snack),open-loop,83,415,89,0,0,0,2,0,0.6621,1
Multi-meal day (breakfast + lunch + snack),open-loop,84,420,89,0,0,0,2,0,0.6621,1
Multi-meal day (breakfast + lunch + snack),open-loop,85,425,89,0,0,0,2,0,0.6621,1
Multi-meal day (breakfast + lunch + snack),open-loop,86,430,89,0,0,0,2,0,0.6621,1
Multi-meal day (breakfast + lunch + snack),open-loop,87,435,89,0,0,0,2,0,0.6621,1
Multi-meal day (breakfast + lunch + snack),open-loop,88,440,89,-0.1,0,0,2,0,0.6621,1
Multi-meal day (breakfast + lunch + snack),open-loop,89,445,89,0.1,0,0,2,0,0.6621,1
Multi-meal day (breakfast + lunch + snack),open-loop,90,450,89,-0.1,0,0,2,0,0.6621,1
Multi-meal day (breakfast + lunch + snack),open-loop,91,455,89,-0.1,0,0,2,0,0.6621,1
Multi-meal day (breakfast + lunch + snack),open-loop,92,460,89,0,0,0,2,0,0.6621,1
Multi-meal day (breakfast + lunch + snack),open-loop,93,465,89,0,0,0,2,0,0.6621,1
Multi-meal day (breakfast + lunch + snack),open-loop,94,470,89,0,0,0,2,0,0.6621,1
Multi-meal day (breakfast + lunch + snack),open-loop,95,475,89,0,0,0,2,0,0.6621,1
Multi-meal day (breakfast + lunch + snack),oref0-loop,0,0,95,0,0,0,2,0,0,0
Multi-meal day (breakfast + lunch + snack),oref0-loop,1,5,95,0,0,0,2,0,0,0
Multi-meal day (breakfast + lunch + snack),oref0-loop,2,10,95,0,0,0,2,0,0,0
Multi-meal day (breakfast + lunch + snack),oref0-loop,3,15,95,0,0,0,2,0,0,0
Multi-meal day (breakfast + lunch + snack),oref0-loop,4,20,95,0,0,0,2,0,0,0
Multi-meal day (breakfast + lunch + snack),oref0-loop,5,25,95,0,0,0,2,0,0,0
Multi-meal day (breakfast + lunch + snack),oref0-loop,6,30,95,0.1,0,0,2,0,0,0
Multi-meal day (breakfast + lunch + snack),oref0-loop,7,35,95,-0.1,0,0,2,0,0,0
Multi-meal day (breakfast + lunch + snack),oref0-loop,8,40,95,0,0,0,2,0,0,0
Multi-meal day (breakfast + lunch + snack),oref0-loop,9,45,95,0,0,0,2,0,0,0
Multi-meal day (breakfast + lunch + snack),oref0-loop,10,50,95,0.1,0,0,2,0,0,0
Multi-meal day (breakfast + lunch + snack),oref0-loop,11,55,89,-6,0,0,2,0,0.6621,0
Multi-meal day (breakfast + lunch + snack),oref0-loop,12,60,89,0,0,0,2,0,0.6621,0
Multi-meal day (breakfast + lunch + snack),oref0-loop,13,65,89,0.1,0,0,2,0,0.6621,0
Multi-meal day (breakfast + lunch + snack),oref0-loop,14,70,89,0,0,0,2,0,0.6621,0
Multi-meal day (breakfast + lunch + snack),oref0-loop,15,75,89,0.1,0,0,2,0,0.6621,0
Multi-meal day (breakfast + lunch + snack),oref0-loop,16,80,89,0,0,0,2,0,0.6621,0
Multi-meal day (breakfast + lunch + snack),oref0-loop,17,85,89,0.1,0,0,2,0,0.6621,0
Multi-meal day (breakfast + lunch + snack),oref0-loop,18,90,89,0,0,0,2,0,0.6621,0
Multi-meal day (breakfast + lunch + snack),oref0-loop,19,95,89,-0.1,0,0,2,0,0.6621,0
Multi-meal day (breakfast + lunch + snack),oref0-loop,20,100,89,-0.1,0,0,2,0,0.6621,0
Multi-meal day (breakfast + lunch + snack),oref0-loop,21,105,89,0,0,0,2,0,0.6621,0
Multi-meal day (breakfast + lunch + snack),oref0-loop,22,110,89,-0.1,0,0,2,0,0.6621,0
Multi-meal day (breakfast + lunch + snack),oref0-loop,23,115,89,0.1,0,0,2,0,0.6621,0
Multi-meal day (breakfast + lunch + snack),oref0-loop,24,120,89,0,0,0,2,0,0.6621,0
Multi-meal day (breakfast + lunch + snack),oref0-loop,25,125,89,0,0,0,2,0,0.6621,0
Multi-meal day (breakfast + lunch + snack),oref0-loop,26,130,89,0.1,0,0,2,0,0.6621,0
Multi-meal day (breakfast + lunch + snack),oref0-loop,27,135,89,0.1,0,0,2,0,0.6621,0
Multi-meal day (breakfast + lunch + snack),oref0-loop,28,140,89,0,0,0,2,0,0.6621,0
Multi-meal day (breakfast + lunch + snack),oref0-loop,29,145,89,0,0,0,2,0,0.6621,0
Multi-meal day (breakfast + lunch + snack),oref0-loop,30,150,89,-0.1,0,0,2,0,0.6621,0
Multi-meal day (breakfast + lunch + snack),oref0-loop,31,155,89,0,0,0,2,0,0.6621,0
Multi-meal day (breakfast + lunch + snack),oref0-loop,32,160,89,0.1,0,0,2,0,0.6621,0
Multi-meal day (breakfast + lunch + snack),oref0-loop,33,165,89,-0.1,0,0,2,0,0.6621,0
Multi-meal day (breakfast + lunch + snack),oref0-loop,34,170,89,0,0,0,2,0,0.6621,0
Multi-meal day (breakfast + lunch + snack),oref0-loop,35,175,89,-0.1,0,0,2,0,0.6621,0
Multi-meal day (breakfast + lunch + snack),oref0-loop,36,180,89,0,0,0,2,0,0.6621,0
Multi-meal day (breakfast + lunch + snack),oref0-loop,37,185,89,0,0,0,2,0,0.6621,0
Multi-meal day (breakfast + lunch + snack),oref0-loop,38,190,89,0,0,0,2,0,0.6621,0
Multi-meal day (breakfast + lunch + snack),oref0-loop,39,195,89,0,0,0,2,0,0.6621,0
Multi-meal day (breakfast + lunch + snack),oref0-loop,40,200,89,0.1,0,0,2,0,0.6621,0
Multi-meal day (breakfast + lunch + snack),oref0-loop,41,205,89,0.1,0,0,2,0,0.6621,0
Multi-meal day (breakfast + lunch + snack),oref0-loop,42,210,89,0.1,0,0,2,0,0.6621,0
Multi-meal day (breakfast + lunch + snack),oref0-loop,43,215,89,-0.1,0,0,2,0,0.6621,0
Multi-meal day (breakfast + lunch + snack),oref0-loop,44,220,89,-0.1,0,0,2,0,0.6621,0
Multi-meal day (breakfast + lunch + snack),oref0-loop,45,225,89,0,0,0,2,0,0.6621,0
Multi-meal day (breakfast + lunch + snack),oref0-loop,46,230,89,-0.1,0,0,2,0,0.6621,0
Multi-meal day (breakfast + lunch + snack),oref0-loop,47,235,89,-0.1,0,0,2,0,0.6621,0
Multi-meal day (breakfast + lunch + snack),oref0-loop,48,240,89,-0.1,0,0,2,0,0.6621,0
Multi-meal day (breakfast + lunch + snack),oref0-loop,49,245,89,0.1,0,0,2,0,0.6621,0
Multi-meal day (breakfast + lunch + snack),oref0-loop,50,250,89,-0.1,0,0,2,0,0.6621,0
Multi-meal day (breakfast + lunch + snack),oref0-loop,51,255,89,0,0,0,2,0,0.6621,0
Multi-meal day (breakfast + lunch + snack),oref0-loop,52,260,89,0,0,0,2,0,0.6621,0
Multi-meal day (breakfast + lunch + snack),oref0-loop,53,265,89,0,0,0,2,0,0.6621,0
Multi-meal day (breakfast + lunch + snack),oref0-loop,54,270,89,-0.1,0,0,2,0,0.6621,0
Multi-meal day (breakfast + lunch + snack),oref0-loop,55,275,89,0,0,0,2,0,0.6621,0
Multi-meal day (breakfast + lunch + snack),oref0-loop,56,280,89,0.1,0,0,2,0,0.6621,0
Multi-meal day (breakfast + lunch + snack),oref0-loop,57,285,89,0,0,0,2,0,0.6621,0
Multi-meal day (breakfast + lunch + snack),oref0-loop,58,290,89,0,0,0,2,0,0.6621,0
Multi-meal day (breakfast + lunch + snack),oref0-loop,59,295,89,-0.1,0,0,2,0,0.6621,0
Multi-meal day (breakfast + lunch + snack),oref0-loop,60,300,89,0.1,0,0,2,0,0.6621,0
Multi-meal day (breakfast + lunch + snack),oref0-loop,61,305,89,0,0,0,2,0,0.6621,0
Multi-meal day (breakfast + lunch + snack),oref0-loop,62,310,89,0,0,0,2,0,0.6621,0
Multi-meal day (breakfast + lunch + snack),oref0-loop,63,315,89,0.1,0,0,2,0,0.6621,0
Multi-meal day (breakfast + lunch + snack),oref0-loop,64,320,89,-0.1,0,0,2,0,0.6621,0
Multi-meal day (breakfast + lunch + snack),oref0-loop,65,325,89,0,0,0,2,0,0.6621,0
Multi-meal day (breakfast + lunch + snack),oref0-loop,66,330,89,-0.1,0,0,2,0,0.6621,0
Multi-meal day (breakfast + lunch + snack),oref0-loop,67,335,89,0,0,0,2,0,0.6621,0
Multi-meal day (breakfast + lunch + snack),oref0-loop,68,340,89,0,0,0,2,0,0.6621,0
Multi-meal day (breakfast + lunch + snack),oref0-loop,69,345,89,0.1,0,0,2,0,0.6621,0
Multi-meal day (breakfast + lunch + snack),oref0-loop,70,350,89,-0.1,0,0,2,0,0.6621,0
Multi-meal day (breakfast + lunch + snack),oref0-loop,71,355,89,0,0,0,2,0,0.6621,0
Multi-meal day (breakfast + lunch + snack),oref0-loop,72,360,89,0,0,0,2,0,0.6621,0
Multi-meal day (breakfast + lunch + snack),oref0-loop,73,365,89,0,0,0,2,0,0.6621,0
Multi-meal day (breakfast + lunch + snack),oref0-loop,74,370,89,-0.1,0,0,2,0,0.6621,0
Multi-meal day (breakfast + lunch + snack),oref0-loop,75,375,89,0,0,0,2,0,0.6621,0
Multi-meal day (breakfast + lunch + snack),oref0-loop,76,380,89,-0.1,0,0,2,0,0.6621,0
Multi-meal day (breakfast + lunch + snack),oref0-loop,77,385,89,0,0,0,2,0,0.6621,0
Multi-meal day (breakfast + lunch + snack),oref0-loop,78,390,89,0,0,0,2,0,0.6621,0
Multi-meal day (breakfast + lunch + snack),oref0-loop,79,395,89,-0.1,0,0,2,0,0.6621,0
Multi-meal day (breakfast + lunch + snack),oref0-loop,80,400,89,0.1,0,0,2,0,0.6621,0
Multi-meal day (breakfast + lunch + snack),oref0-loop,81,405,89,0.1,0,0,2,0,0.6621,0
Multi-meal day (breakfast + lunch + snack),oref0-loop,82,410,89,0,0,0,2,0,0.6621,0
Multi-meal day (breakfast + lunch + snack),oref0-loop,83,415,89,0.1,0,0,2,0,0.6621,0
Multi-meal day (breakfast + lunch + snack),oref0-loop,84,420,89,0.1,0,0,2,0,0.6621,0
Multi-meal day (breakfast + lunch + snack),oref0-loop,85,425,89,-0.1,0,0,2,0,0.6621,0
Multi-meal day (breakfast + lunch + snack),oref0-loop,86,430,89,0,0,0,2,0,0.6621,0
Multi-meal day (breakfast + lunch + snack),oref0-loop,87,435,89,-0.1,0,0,2,0,0.6621,0
Multi-meal day (breakfast + lunch + snack),oref0-loop,88,440,89,-0.1,0,0,2,0,0.6621,0
Multi-meal day (breakfast + lunch + snack),oref0-loop,89,445,89,0,0,0,2,0,0.6621,0
Multi-meal day (breakfast + lunch + snack),oref0-loop,90,450,89,-0.1,0,0,2,0,0.6621,0
Multi-meal day (breakfast + lunch + snack),oref0-loop,91,455,89,0,0,0,2,0,0.6621,0
Multi-meal day (breakfast + lunch + snack),oref0-loop,92,460,89,0,0,0,2,0,0.6621,0
Multi-meal day (breakfast + lunch + snack),oref0-loop,93,465,89,0,0,0,2,0,0.6621,0
Multi-meal day (breakfast + lunch + snack),oref0-loop,94,470,89,0,0,0,2,0,0.6621,0
Multi-meal day (breakfast + lunch + snack),oref0-loop,95,475,89,0.1,0,0,2,0,0.6621,0