vector_id,step,captured_bg,reconstructed_bg,glucose,category
TV-001,5,91,91,90.8,basal-adjustment
TV-001,10,95,95,90.8,basal-adjustment
TV-001,15,100,99,90.8,basal-adjustment
TV-001,20,104,103,90.8,basal-adjustment
TV-001,25,108,107,90.8,basal-adjustment
TV-001,30,112,110,90.8,basal-adjustment
TV-001,35,115,113,90.8,basal-adjustment
TV-001,40,119,116,90.8,basal-adjustment
TV-001,45,122,118,90.8,basal-adjustment
TV-001,50,124,120,90.8,basal-adjustment
TV-001,55,127,122,90.8,basal-adjustment
TV-001,60,129,123,90.8,basal-adjustment
TV-002,5,89,89,89.3,basal-adjustment
TV-002,10,93,93,89.3,basal-adjustment
TV-002,15,96,96,89.3,basal-adjustment
TV-002,20,100,99,89.3,basal-adjustment
TV-002,25,103,102,89.3,basal-adjustment
TV-002,30,106,105,89.3,basal-adjustment
TV-002,35,109,107,89.3,basal-adjustment
TV-002,40,112,109,89.3,basal-adjustment
TV-002,45,114,111,89.3,basal-adjustment
TV-002,50,117,113,89.3,basal-adjustment
TV-002,55,119,115,89.3,basal-adjustment
TV-002,60,121,116,89.3,basal-adjustment
TV-004,5,91,91,90.8,basal-adjustment
TV-004,10,97,97,90.8,basal-adjustment
TV-004,15,104,103,90.8,basal-adjustment
TV-004,20,109,109,90.8,basal-adjustment
TV-004,25,115,114,90.8,basal-adjustment
TV-004,30,120,119,90.8,basal-adjustment
TV-004,35,125,123,90.8,basal-adjustment
TV-004,40,129,126,90.8,basal-adjustment
TV-004,45,132,129,90.8,basal-adjustment
TV-004,50,136,132,90.8,basal-adjustment
TV-004,55,138,134,90.8,basal-adjustment
TV-004,60,140,136,90.8,basal-adjustment
TV-005,5,86,86,86.2,basal-adjustment
TV-005,10,91,91,86.2,basal-adjustment
TV-005,15,96,95,86.2,basal-adjustment
TV-005,20,100,100,86.2,basal-adjustment
TV-005,25,104,103,86.2,basal-adjustment
TV-005,30,108,107,86.2,basal-adjustment
TV-005,35,111,110,86.2,basal-adjustment
TV-005,40,115,113,86.2,basal-adjustment
TV-005,45,118,115,86.2,basal-adjustment
TV-005,50,120,117,86.2,basal-adjustment
TV-005,55,122,119,86.2,basal-adjustment
TV-005,60,124,121,86.2,basal-adjustment
TV-006,5,129,129,129.2,basal-adjustment
TV-006,10,151,151,129.2,basal-adjustment
TV-006,15,171,170,129.2,basal-adjustment
TV-006,20,189,188,129.2,basal-adjustment
TV-006,25,205,204,129.2,basal-adjustment
TV-006,30,219,218,129.2,basal-adjustment
TV-006,35,232,231,129.2,basal-adjustment
TV-006,40,243,241,129.2,basal-adjustment
TV-006,45,252,249,129.2,basal-adjustment
TV-006,50,258,256,129.2,basal-adjustment
TV-006,55,264,261,129.2,basal-adjustment
TV-006,60,267,264,129.2,basal-adjustment
TV-007,5,134,134,133.8,basal-adjustment
TV-007,10,150,150,133.8,basal-adjustment
TV-007,15,165,165,133.8,basal-adjustment
TV-007,20,178,178,133.8,basal-adjustment
TV-007,25,190,190,133.8,basal-adjustment
TV-007,30,201,200,133.8,basal-adjustment
TV-007,35,211,210,133.8,basal-adjustment
TV-007,40,219,217,133.8,basal-adjustment
TV-007,45,225,224,133.8,basal-adjustment
TV-007,50,231,229,133.8,basal-adjustment
TV-007,55,235,233,133.8,basal-adjustment
TV-007,60,238,235,133.8,basal-adjustment
TV-008,5,156,156,155.9,basal-adjustment
TV-008,10,171,171,155.9,basal-adjustment
TV-008,15,185,185,155.9,basal-adjustment
TV-008,20,198,197,155.9,basal-adjustment
TV-008,25,209,209,155.9,basal-adjustment
TV-008,30,219,219,155.9,basal-adjustment
TV-008,35,228,227,155.9,basal-adjustment
TV-008,40,236,234,155.9,basal-adjustment
TV-008,45,242,241,155.9,basal-adjustment
TV-008,50,247,245,155.9,basal-adjustment
TV-008,55,251,249,155.9,basal-adjustment
TV-008,60,253,251,155.9,basal-adjustment
TV-009,5,174,174,174.4,basal-adjustment
TV-009,10,192,192,174.4,basal-adjustment
TV-009,15,208,208,174.4,basal-adjustment
TV-009,20,222,222,174.4,basal-adjustment
TV-009,25,235,235,174.4,basal-adjustment
TV-009,30,247,246,174.4,basal-adjustment
TV-009,35,257,256,174.4,basal-adjustment
TV-009,40,265,264,174.4,basal-adjustment
TV-009,45,272,271,174.4,basal-adjustment
TV-009,50,278,276,174.4,basal-adjustment
TV-009,55,282,280,174.4,basal-adjustment
TV-009,60,284,283,174.4,basal-adjustment
TV-010,5,189,189,189.3,basal-adjustment
TV-010,10,204,204,189.3,basal-adjustment
TV-010,15,218,218,189.3,basal-adjustment
TV-010,20,230,230,189.3,basal-adjustment
TV-010,25,241,241,189.3,basal-adjustment
TV-010,30,251,251,189.3,basal-adjustment
TV-010,35,260,259,189.3,basal-adjustment
TV-010,40,267,266,189.3,basal-adjustment
TV-010,45,273,272,189.3,basal-adjustment
TV-010,50,278,277,189.3,basal-adjustment
TV-010,55,282,280,189.3,basal-adjustment
TV-010,60,284,283,189.3,basal-adjustment
TV-011,5,193,193,192.5,basal-adjustment
TV-011,10,199,199,192.5,basal-adjustment
TV-011,15,205,205,192.5,basal-adjustment
TV-011,20,211,211,192.5,basal-adjustment
TV-011,25,216,216,192.5,basal-adjustment
TV-011,30,221,220,192.5,basal-adjustment
TV-011,35,225,224,192.5,basal-adjustment
TV-011,40,228,228,192.5,basal-adjustment
TV-011,45,231,230,192.5,basal-adjustment
TV-011,50,233,233,192.5,basal-adjustment
TV-011,55,235,235,192.5,basal-adjustment
TV-011,60,237,236,192.5,basal-adjustment
TV-012,5,211,211,211.2,basal-adjustment
TV-012,10,223,223,211.2,basal-adjustment
TV-012,15,234,234,211.2,basal-adjustment
TV-012,20,245,244,211.2,basal-adjustment
TV-012,25,254,253,211.2,basal-adjustment
TV-012,30,262,261,211.2,basal-adjustment
TV-012,35,268,268,211.2,basal-adjustment
TV-012,40,274,274,211.2,basal-adjustment
TV-012,45,279,279,211.2,basal-adjustment
TV-012,50,283,282,211.2,basal-adjustment
TV-012,55,286,285,211.2,basal-adjustment
TV-012,60,288,287,211.2,basal-adjustment
TV-013,5,194,194,194,basal-adjustment
TV-013,10,189,189,194,basal-adjustment
TV-013,15,185,185,194,basal-adjustment
TV-013,20,181,181,194,basal-adjustment
TV-013,25,178,178,194,basal-adjustment
TV-013,30,175,175,194,basal-adjustment
TV-013,35,173,173,194,basal-adjustment
TV-013,40,171,171,194,basal-adjustment
TV-013,45,170,170,194,basal-adjustment
TV-013,50,169,169,194,basal-adjustment
TV-013,55,169,169,194,basal-adjustment
TV-013,60,169,169,194,basal-adjustment
TV-014,5,207,207,207,basal-adjustment
TV-014,10,210,210,207,basal-adjustment
TV-014,15,212,212,207,basal-adjustment
TV-014,20,215,215,207,basal-adjustment
TV-014,25,217,217,207,basal-adjustment
TV-014,30,219,219,207,basal-adjustment
TV-014,35,220,220,207,basal-adjustment
TV-014,40,222,222,207,basal-adjustment
TV-014,45,223,223,207,basal-adjustment
TV-014,50,225,224,207,basal-adjustment
TV-014,55,226,225,207,basal-adjustment
TV-014,60,226,226,207,basal-adjustment
TV-015,5,185,185,184.8,basal-adjustment
TV-015,10,175,175,184.8,basal-adjustment
TV-015,15,167,167,184.8,basal-adjustment
TV-015,20,159,159,184.8,basal-adjustment
TV-015,25,152,152,184.8,basal-adjustment
TV-015,30,146,146,184.8,basal-adjustment
TV-015,35,141,141,184.8,basal-adjustment
TV-015,40,137,137,184.8,basal-adjustment
TV-015,45,134,134,184.8,basal-adjustment
TV-015,50,132,131,184.8,basal-adjustment
TV-015,55,130,130,184.8,basal-adjustment
TV-015,60,130,130,184.8,basal-adjustment
TV-016,5,173,173,173.3,basal-adjustment
TV-016,10,167,167,173.3,basal-adjustment
TV-016,15,161,161,173.3,basal-adjustment
TV-016,20,156,156,173.3,basal-adjustment
TV-016,25,151,151,173.3,basal-adjustment
TV-016,30,147,147,173.3,basal-adjustment
TV-016,35,144,143,173.3,basal-adjustment
TV-016,40,141,141,173.3,basal-adjustment
TV-016,45,139,138,173.3,basal-adjustment
TV-016,50,137,137,173.3,basal-adjustment
TV-016,55,136,136,173.3,basal-adjustment
TV-016,60,136,136,173.3,basal-adjustment
TV-017,5,112,112,111.5,basal-adjustment
TV-017,10,104,114,111.5,basal-adjustment
TV-017,15,98,117,111.5,basal-adjustment
TV-017,20,92,119,111.5,basal-adjustment
TV-017,25,87,121,111.5,basal-adjustment
TV-017,30,83,123,111.5,basal-adjustment
TV-017,35,80,125,111.5,basal-adjustment
TV-017,40,77,126,111.5,basal-adjustment
TV-017,45,75,127,111.5,basal-adjustment
TV-017,50,74,128,111.5,basal-adjustment
TV-017,55,73,129,111.5,basal-adjustment
TV-017,60,74,129,111.5,basal-adjustment
TV-018,5,88,88,88.4,basal-adjustment
TV-018,10,79,84,88.4,basal-adjustment
TV-018,15,70,79,88.4,basal-adjustment
TV-018,20,63,76,88.4,basal-adjustment
TV-018,25,56,72,88.4,basal-adjustment
TV-018,30,51,70,88.4,basal-adjustment
TV-018,35,46,67,88.4,basal-adjustment
TV-018,40,43,65,88.4,basal-adjustment
TV-018,45,40,64,88.4,basal-adjustment
TV-018,50,39,63,88.4,basal-adjustment
TV-018,55,39,62,88.4,basal-adjustment
TV-018,60,39,62,88.4,basal-adjustment
TV-019,5,77,77,77,basal-adjustment
TV-019,10,63,63,77,basal-adjustment
TV-019,15,51,50,77,basal-adjustment
TV-019,20,40,39,77,basal-adjustment
TV-019,25,39,39,77,basal-adjustment
TV-019,30,39,39,77,basal-adjustment
TV-019,35,39,39,77,basal-adjustment
TV-019,40,39,39,77,basal-adjustment
TV-019,45,39,39,77,basal-adjustment
TV-019,50,39,39,77,basal-adjustment
TV-019,55,39,39,77,basal-adjustment
TV-019,60,39,39,77,basal-adjustment
TV-020,5,197,197,197.4,basal-adjustment
TV-020,10,209,220,197.4,basal-adjustment
TV-020,15,219,240,197.4,basal-adjustment
TV-020,20,228,257,197.4,basal-adjustment
TV-020,25,236,273,197.4,basal-adjustment
TV-020,30,243,287,197.4,basal-adjustment
TV-020,35,249,298,197.4,basal-adjustment
TV-020,40,253,308,197.4,basal-adjustment
TV-020,45,257,315,197.4,basal-adjustment
TV-020,50,260,320,197.4,basal-adjustment
TV-020,55,261,323,197.4,basal-adjustment
TV-020,60,261,324,197.4,basal-adjustment
TV-021,5,180,180,180,basal-adjustment
TV-021,10,181,181,180,basal-adjustment
TV-021,15,182,182,180,basal-adjustment
TV-021,20,182,182,180,basal-adjustment
TV-021,25,182,182,180,basal-adjustment
TV-021,30,182,182,180,basal-adjustment
TV-021,35,182,182,180,basal-adjustment
TV-021,40,182,182,180,basal-adjustment
TV-021,45,181,181,180,basal-adjustment
TV-021,50,180,181,180,basal-adjustment
TV-021,55,180,180,180,basal-adjustment
TV-021,60,179,179,180,basal-adjustment
TV-022,5,209,209,209.4,basal-adjustment
TV-022,10,220,222,209.4,basal-adjustment
TV-022,15,230,233,209.4,basal-adjustment
TV-022,20,238,243,209.4,basal-adjustment
TV-022,25,246,252,209.4,basal-adjustment
TV-022,30,252,259,209.4,basal-adjustment
TV-022,35,258,265,209.4,basal-adjustment
TV-022,40,262,270,209.4,basal-adjustment
TV-022,45,265,274,209.4,basal-adjustment
TV-022,50,267,276,209.4,basal-adjustment
TV-022,55,268,277,209.4,basal-adjustment
TV-022,60,268,277,209.4,basal-adjustment
TV-023,5,188,188,188.4,basal-adjustment
TV-023,10,184,184,188.4,basal-adjustment
TV-023,15,181,180,188.4,basal-adjustment
TV-023,20,177,177,188.4,basal-adjustment
TV-023,25,173,173,188.4,basal-adjustment
TV-023,30,170,170,188.4,basal-adjustment
TV-023,35,167,167,188.4,basal-adjustment
TV-023,40,164,165,188.4,basal-adjustment
TV-023,45,162,162,188.4,basal-adjustment
TV-023,50,159,160,188.4,basal-adjustment
TV-023,55,157,158,188.4,basal-adjustment
TV-023,60,155,156,188.4,basal-adjustment
TV-024,5,173,173,172.5,basal-adjustment
TV-024,10,156,156,172.5,basal-adjustment
TV-024,15,141,141,172.5,basal-adjustment
TV-024,20,127,128,172.5,basal-adjustment
TV-024,25,114,115,172.5,basal-adjustment
TV-024,30,103,104,172.5,basal-adjustment
TV-024,35,92,95,172.5,basal-adjustment
TV-024,40,83,86,172.5,basal-adjustment
TV-024,45,75,79,172.5,basal-adjustment
TV-024,50,68,73,172.5,basal-adjustment
TV-024,55,62,69,172.5,basal-adjustment
TV-024,60,57,66,172.5,basal-adjustment
TV-025,5,181,181,181.4,basal-adjustment
TV-025,10,179,179,181.4,basal-adjustment
TV-025,15,177,176,181.4,basal-adjustment
TV-025,20,174,174,181.4,basal-adjustment
TV-025,25,172,172,181.4,basal-adjustment
TV-025,30,170,170,181.4,basal-adjustment
TV-025,35,168,168,181.4,basal-adjustment
TV-025,40,166,166,181.4,basal-adjustment
TV-025,45,164,164,181.4,basal-adjustment
TV-025,50,162,162,181.4,basal-adjustment
TV-025,55,160,160,181.4,basal-adjustment
TV-025,60,159,158,181.4,basal-adjustment
TV-026,5,146,146,146.2,basal-adjustment
TV-026,10,127,127,146.2,basal-adjustment
TV-026,15,110,110,146.2,basal-adjustment
TV-026,20,93,94,146.2,basal-adjustment
TV-026,25,78,79,146.2,basal-adjustment
TV-026,30,64,67,146.2,basal-adjustment
TV-026,35,52,55,146.2,basal-adjustment
TV-026,40,40,46,146.2,basal-adjustment
TV-026,45,39,39,146.2,basal-adjustment
TV-026,50,39,39,146.2,basal-adjustment
TV-026,55,39,39,146.2,basal-adjustment
TV-026,60,39,39,146.2,basal-adjustment
TV-027,5,148,148,147.6,basal-adjustment
TV-027,10,138,137,147.6,basal-adjustment
TV-027,15,128,128,147.6,basal-adjustment
TV-027,20,119,119,147.6,basal-adjustment
TV-027,25,111,112,147.6,basal-adjustment
TV-027,30,104,105,147.6,basal-adjustment
TV-027,35,97,98,147.6,basal-adjustment
TV-027,40,91,93,147.6,basal-adjustment
TV-027,45,86,88,147.6,basal-adjustment
TV-027,50,81,84,147.6,basal-adjustment
TV-027,55,78,81,147.6,basal-adjustment
TV-027,60,75,78,147.6,basal-adjustment
TV-028,5,142,142,142.1,basal-adjustment
TV-028,10,136,136,142.1,basal-adjustment
TV-028,15,130,130,142.1,basal-adjustment
TV-028,20,125,125,142.1,basal-adjustment
TV-028,25,120,120,142.1,basal-adjustment
TV-028,30,115,115,142.1,basal-adjustment
TV-028,35,111,111,142.1,basal-adjustment
TV-028,40,107,108,142.1,basal-adjustment
TV-028,45,104,105,142.1,basal-adjustment
TV-028,50,101,102,142.1,basal-adjustment
TV-028,55,99,99,142.1,basal-adjustment
TV-028,60,97,97,142.1,basal-adjustment
TV-029,5,95,95,95.1,basal-adjustment
TV-029,10,65,64,95.1,basal-adjustment
TV-029,15,39,39,95.1,basal-adjustment
TV-029,20,39,39,95.1,basal-adjustment
TV-029,25,39,39,95.1,basal-adjustment
TV-029,30,39,39,95.1,basal-adjustment
TV-029,35,39,39,95.1,basal-adjustment
TV-029,40,39,39,95.1,basal-adjustment
TV-029,45,39,39,95.1,basal-adjustment
TV-029,50,39,39,95.1,basal-adjustment
TV-029,55,39,39,95.1,basal-adjustment
TV-029,60,39,39,95.1,basal-adjustment
TV-030,5,96,96,95.8,basal-adjustment
TV-030,10,81,81,95.8,basal-adjustment
TV-030,15,67,67,95.8,basal-adjustment
TV-030,20,54,55,95.8,basal-adjustment
TV-030,25,42,44,95.8,basal-adjustment
TV-030,30,39,39,95.8,basal-adjustment
TV-030,35,39,39,95.8,basal-adjustment
TV-030,40,39,39,95.8,basal-adjustment
TV-030,45,39,39,95.8,basal-adjustment
TV-030,50,39,39,95.8,basal-adjustment
TV-030,55,39,39,95.8,basal-adjustment
TV-030,60,39,39,95.8,basal-adjustment
TV-031,5,91,91,91,basal-adjustment
TV-031,10,83,83,91,basal-adjustment
TV-031,15,76,76,91,basal-adjustment
TV-031,20,69,69,91,basal-adjustment
TV-031,25,63,63,91,basal-adjustment
TV-031,30,57,58,91,basal-adjustment
TV-031,35,52,54,91,basal-adjustment
TV-031,40,47,50,91,basal-adjustment
TV-031,45,43,46,91,basal-adjustment
TV-031,50,40,44,91,basal-adjustment
TV-031,55,39,42,91,basal-adjustment
TV-031,60,39,40,91,basal-adjustment
TV-032,5,93,93,93.2,basal-adjustment
TV-032,10,91,91,93.2,basal-adjustment
TV-032,15,89,89,93.2,basal-adjustment
TV-032,20,87,87,93.2,basal-adjustment
TV-032,25,86,86,93.2,basal-adjustment
TV-032,30,84,85,93.2,basal-adjustment
TV-032,35,83,83,93.2,basal-adjustment
TV-032,40,82,82,93.2,basal-adjustment
TV-032,45,81,81,93.2,basal-adjustment
TV-032,50,80,81,93.2,basal-adjustment
TV-032,55,79,80,93.2,basal-adjustment
TV-032,60,79,79,93.2,basal-adjustment
TV-036,5,88,88,87.7,basal-adjustment
TV-036,10,97,97,87.7,basal-adjustment
TV-036,15,107,106,87.7,basal-adjustment
TV-036,20,115,115,87.7,basal-adjustment
TV-036,25,123,122,87.7,basal-adjustment
TV-036,30,129,128,87.7,basal-adjustment
TV-036,35,135,134,87.7,basal-adjustment
TV-036,40,140,138,87.7,basal-adjustment
TV-036,45,144,142,87.7,basal-adjustment
TV-036,50,147,144,87.7,basal-adjustment
TV-036,55,149,146,87.7,basal-adjustment
TV-036,60,151,147,87.7,basal-adjustment
TV-038,5,98,98,98.1,basal-adjustment
TV-038,10,109,109,98.1,basal-adjustment
TV-038,15,119,119,98.1,basal-adjustment
TV-038,20,128,128,98.1,basal-adjustment
TV-038,25,137,136,98.1,basal-adjustment
TV-038,30,144,143,98.1,basal-adjustment
TV-038,35,150,149,98.1,basal-adjustment
TV-038,40,156,154,98.1,basal-adjustment
TV-038,45,160,158,98.1,basal-adjustment
TV-038,50,163,161,98.1,basal-adjustment
TV-038,55,165,163,98.1,basal-adjustment
TV-038,60,167,163,98.1,basal-adjustment
TV-039,5,129,129,128.7,basal-adjustment
TV-039,10,144,151,128.7,basal-adjustment
TV-039,15,159,171,128.7,basal-adjustment
TV-039,20,171,189,128.7,basal-adjustment
TV-039,25,183,205,128.7,basal-adjustment
TV-039,30,193,220,128.7,basal-adjustment
TV-039,35,201,232,128.7,basal-adjustment
TV-039,40,209,241,128.7,basal-adjustment
TV-039,45,214,249,128.7,basal-adjustment
TV-039,50,219,255,128.7,basal-adjustment
TV-039,55,222,259,128.7,basal-adjustment
TV-039,60,223,261,128.7,basal-adjustment
TV-040,5,146,146,145.5,basal-adjustment
TV-040,10,165,165,145.5,basal-adjustment
TV-040,15,183,183,145.5,basal-adjustment
TV-040,20,199,199,145.5,basal-adjustment
TV-040,25,213,213,145.5,basal-adjustment
TV-040,30,226,226,145.5,basal-adjustment
TV-040,35,236,236,145.5,basal-adjustment
TV-040,40,245,245,145.5,basal-adjustment
TV-040,45,252,252,145.5,basal-adjustment
TV-040,50,257,257,145.5,basal-adjustment
TV-040,55,261,261,145.5,basal-adjustment
TV-040,60,263,262,145.5,basal-adjustment
TV-041,5,142,142,142.2,basal-adjustment
TV-041,10,145,145,142.2,basal-adjustment
TV-041,15,148,148,142.2,basal-adjustment
TV-041,20,151,151,142.2,basal-adjustment
TV-041,25,153,153,142.2,basal-adjustment
TV-041,30,155,155,142.2,basal-adjustment
TV-041,35,156,156,142.2,basal-adjustment
TV-041,40,157,157,142.2,basal-adjustment
TV-041,45,158,158,142.2,basal-adjustment
TV-041,50,159,159,142.2,basal-adjustment
TV-041,55,159,159,142.2,basal-adjustment
TV-041,60,159,159,142.2,basal-adjustment
TV-042,5,171,171,170.8,basal-adjustment
TV-042,10,186,186,170.8,basal-adjustment
TV-042,15,200,200,170.8,basal-adjustment
TV-042,20,212,212,170.8,basal-adjustment
TV-042,25,223,223,170.8,basal-adjustment
TV-042,30,232,232,170.8,basal-adjustment
TV-042,35,240,240,170.8,basal-adjustment
TV-042,40,247,247,170.8,basal-adjustment
TV-042,45,252,252,170.8,basal-adjustment
TV-042,50,256,256,170.8,basal-adjustment
TV-042,55,258,258,170.8,basal-adjustment
TV-042,60,259,259,170.8,basal-adjustment
TV-043,5,151,151,150.5,basal-adjustment
TV-043,10,147,147,150.5,basal-adjustment
TV-043,15,143,143,150.5,basal-adjustment
TV-043,20,140,140,150.5,basal-adjustment
TV-043,25,137,137,150.5,basal-adjustment
TV-043,30,134,135,150.5,basal-adjustment
TV-043,35,131,133,150.5,basal-adjustment
TV-043,40,129,131,150.5,basal-adjustment
TV-043,45,127,129,150.5,basal-adjustment
TV-043,50,125,127,150.5,basal-adjustment
TV-043,55,124,126,150.5,basal-adjustment
TV-043,60,123,125,150.5,basal-adjustment
TV-044,5,194,194,194.3,basal-adjustment
TV-044,10,211,211,194.3,basal-adjustment
TV-044,15,227,227,194.3,basal-adjustment
TV-044,20,241,241,194.3,basal-adjustment
TV-044,25,253,253,194.3,basal-adjustment
TV-044,30,264,263,194.3,basal-adjustment
TV-044,35,273,273,194.3,basal-adjustment
TV-044,40,280,280,194.3,basal-adjustment
TV-044,45,286,286,194.3,basal-adjustment
TV-044,50,290,290,194.3,basal-adjustment
TV-044,55,293,292,194.3,basal-adjustment
TV-044,60,294,293,194.3,basal-adjustment
TV-045,5,172,172,171.6,basal-adjustment
TV-045,10,171,171,171.6,basal-adjustment
TV-045,15,170,171,171.6,basal-adjustment
TV-045,20,170,170,171.6,basal-adjustment
TV-045,25,169,169,171.6,basal-adjustment
TV-045,30,168,169,171.6,basal-adjustment
TV-045,35,167,168,171.6,basal-adjustment
TV-045,40,167,168,171.6,basal-adjustment
TV-045,45,166,167,171.6,basal-adjustment
TV-045,50,165,166,171.6,basal-adjustment
TV-045,55,164,165,171.6,basal-adjustment
TV-045,60,163,165,171.6,basal-adjustment
TV-046,5,169,169,168.8,basal-adjustment
TV-046,10,160,160,168.8,basal-adjustment
TV-046,15,152,152,168.8,basal-adjustment
TV-046,20,144,145,168.8,basal-adjustment
TV-046,25,138,138,168.8,basal-adjustment
TV-046,30,131,132,168.8,basal-adjustment
TV-046,35,126,127,168.8,basal-adjustment
TV-046,40,121,123,168.8,basal-adjustment
TV-046,45,117,119,168.8,basal-adjustment
TV-046,50,114,116,168.8,basal-adjustment
TV-046,55,111,114,168.8,basal-adjustment
TV-046,60,109,112,168.8,basal-adjustment
TV-047,5,199,199,199.4,basal-adjustment
TV-047,10,211,211,199.4,basal-adjustment
TV-047,15,222,222,199.4,basal-adjustment
TV-047,20,232,231,199.4,basal-adjustment
TV-047,25,240,240,199.4,basal-adjustment
TV-047,30,247,247,199.4,basal-adjustment
TV-047,35,253,253,199.4,basal-adjustment
TV-047,40,258,258,199.4,basal-adjustment
TV-047,45,262,262,199.4,basal-adjustment
TV-047,50,265,264,199.4,basal-adjustment
TV-047,55,266,266,199.4,basal-adjustment
TV-047,60,267,266,199.4,basal-adjustment
TV-048,5,199,199,198.7,basal-adjustment
TV-048,10,207,206,198.7,basal-adjustment
TV-048,15,214,213,198.7,basal-adjustment
TV-048,20,220,220,198.7,basal-adjustment
TV-048,25,225,225,198.7,basal-adjustment
TV-048,30,230,229,198.7,basal-adjustment
TV-048,35,233,233,198.7,basal-adjustment
TV-048,40,236,236,198.7,basal-adjustment
TV-048,45,239,238,198.7,basal-adjustment
TV-048,50,240,240,198.7,basal-adjustment
TV-048,55,241,240,198.7,basal-adjustment
TV-048,60,241,240,198.7,basal-adjustment
TV-049,5,188,188,188.2,basal-adjustment
TV-049,10,181,181,188.2,basal-adjustment
TV-049,15,175,175,188.2,basal-adjustment
TV-049,20,169,169,188.2,basal-adjustment
TV-049,25,164,164,188.2,basal-adjustment
TV-049,30,159,159,188.2,basal-adjustment
TV-049,35,154,155,188.2,basal-adjustment
TV-049,40,150,151,188.2,basal-adjustment
TV-049,45,147,148,188.2,basal-adjustment
TV-049,50,144,145,188.2,basal-adjustment
TV-049,55,142,143,188.2,basal-adjustment
TV-049,60,140,141,188.2,basal-adjustment
TV-050,5,153,153,153.1,basal-adjustment
TV-050,10,128,128,153.1,basal-adjustment
TV-050,15,105,106,153.1,basal-adjustment
TV-050,20,84,85,153.1,basal-adjustment
TV-050,25,65,67,153.1,basal-adjustment
TV-050,30,48,51,153.1,basal-adjustment
TV-050,35,39,39,153.1,basal-adjustment
TV-050,40,39,39,153.1,basal-adjustment
TV-050,45,39,39,153.1,basal-adjustment
TV-050,50,39,39,153.1,basal-adjustment
TV-050,55,39,39,153.1,basal-adjustment
TV-050,60,39,39,153.1,basal-adjustment
TV-051,5,146,146,146.1,basal-adjustment
TV-051,10,131,131,146.1,basal-adjustment
TV-051,15,117,117,146.1,basal-adjustment
TV-051,20,104,104,146.1,basal-adjustment
TV-051,25,92,93,146.1,basal-adjustment
TV-051,30,81,82,146.1,basal-adjustment
TV-051,35,72,73,146.1,basal-adjustment
TV-051,40,63,66,146.1,basal-adjustment
TV-051,45,56,60,146.1,basal-adjustment
TV-051,50,50,55,146.1,basal-adjustment
TV-051,55,45,51,146.1,basal-adjustment
TV-051,60,42,48,146.1,basal-adjustment
TV-052,5,143,143,142.6,basal-adjustment
TV-052,10,134,134,142.6,basal-adjustment
TV-052,15,126,126,142.6,basal-adjustment
TV-052,20,119,119,142.6,basal-adjustment
TV-052,25,113,113,142.6,basal-adjustment
TV-052,30,107,107,142.6,basal-adjustment
TV-052,35,102,102,142.6,basal-adjustment
TV-052,40,97,98,142.6,basal-adjustment
TV-052,45,93,94,142.6,basal-adjustment
TV-052,50,90,91,142.6,basal-adjustment
TV-052,55,88,89,142.6,basal-adjustment
TV-052,60,86,87,142.6,basal-adjustment
TV-053,5,129,129,128.9,basal-adjustment
TV-053,10,119,119,128.9,basal-adjustment
TV-053,15,111,111,128.9,basal-adjustment
TV-053,20,103,103,128.9,basal-adjustment
TV-053,25,95,96,128.9,basal-adjustment
TV-053,30,89,89,128.9,basal-adjustment
TV-053,35,83,84,128.9,basal-adjustment
TV-053,40,78,79,128.9,basal-adjustment
TV-053,45,74,75,128.9,basal-adjustment
TV-053,50,71,72,128.9,basal-adjustment
TV-053,55,68,69,128.9,basal-adjustment
TV-053,60,66,68,128.9,basal-adjustment
TV-054,5,78,78,78.3,basal-adjustment
TV-054,10,43,43,78.3,basal-adjustment
TV-054,15,39,39,78.3,basal-adjustment
TV-054,20,39,39,78.3,basal-adjustment
TV-054,25,39,39,78.3,basal-adjustment
TV-054,30,39,39,78.3,basal-adjustment
TV-054,35,39,39,78.3,basal-adjustment
TV-054,40,39,39,78.3,basal-adjustment
TV-054,45,39,39,78.3,basal-adjustment
TV-054,50,39,39,78.3,basal-adjustment
TV-054,55,39,39,78.3,basal-adjustment
TV-054,60,39,39,78.3,basal-adjustment
TV-055,5,106,106,105.5,basal-adjustment
TV-055,10,101,101,105.5,basal-adjustment
TV-055,15,96,96,105.5,basal-adjustment
TV-055,20,92,92,105.5,basal-adjustment
TV-055,25,89,89,105.5,basal-adjustment
TV-055,30,86,86,105.5,basal-adjustment
TV-055,35,83,83,105.5,basal-adjustment
TV-055,40,81,81,105.5,basal-adjustment
TV-055,45,79,79,105.5,basal-adjustment
TV-055,50,77,78,105.5,basal-adjustment
TV-055,55,76,77,105.5,basal-adjustment
TV-055,60,75,76,105.5,basal-adjustment
TV-056,5,92,92,92.3,basal-adjustment
TV-056,10,88,88,92.3,basal-adjustment
TV-056,15,84,84,92.3,basal-adjustment
TV-056,20,80,81,92.3,basal-adjustment
TV-056,25,77,78,92.3,basal-adjustment
TV-056,30,75,75,92.3,basal-adjustment
TV-056,35,72,73,92.3,basal-adjustment
TV-056,40,70,71,92.3,basal-adjustment
TV-056,45,69,69,92.3,basal-adjustment
TV-056,50,68,68,92.3,basal-adjustment
TV-056,55,67,67,92.3,basal-adjustment
TV-056,60,66,67,92.3,basal-adjustment
TV-058,5,75,75,75,basal-adjustment
TV-058,10,71,72,75,basal-adjustment
TV-058,15,68,68,75,basal-adjustment
TV-058,20,66,66,75,basal-adjustment
TV-058,25,64,63,75,basal-adjustment
TV-058,30,62,61,75,basal-adjustment
TV-058,35,61,59,75,basal-adjustment
TV-058,40,59,58,75,basal-adjustment
TV-058,45,59,57,75,basal-adjustment
TV-058,50,58,56,75,basal-adjustment
TV-058,55,58,55,75,basal-adjustment
TV-058,60,58,55,75,basal-adjustment
TV-059,5,76,76,76.3,basal-adjustment
TV-059,10,77,77,76.3,basal-adjustment
TV-059,15,79,78,76.3,basal-adjustment
TV-059,20,80,79,76.3,basal-adjustment
TV-059,25,81,80,76.3,basal-adjustment
TV-059,30,82,81,76.3,basal-adjustment
TV-059,35,84,81,76.3,basal-adjustment
TV-059,40,85,82,76.3,basal-adjustment
TV-059,45,86,82,76.3,basal-adjustment
TV-059,50,86,82,76.3,basal-adjustment
TV-059,55,87,82,76.3,basal-adjustment
TV-059,60,88,82,76.3,basal-adjustment
TV-060,5,71,71,70.5,basal-adjustment
TV-060,10,67,67,70.5,basal-adjustment
TV-060,15,65,64,70.5,basal-adjustment
TV-060,20,62,62,70.5,basal-adjustment
TV-060,25,60,59,70.5,basal-adjustment
TV-060,30,59,57,70.5,basal-adjustment
TV-060,35,58,55,70.5,basal-adjustment
TV-060,40,57,54,70.5,basal-adjustment
TV-060,45,56,52,70.5,basal-adjustment
TV-060,50,56,51,70.5,basal-adjustment
TV-060,55,56,50,70.5,basal-adjustment
TV-060,60,57,50,70.5,basal-adjustment
TV-062,5,85,85,85.3,basal-adjustment
TV-062,10,92,92,85.3,basal-adjustment
TV-062,15,98,98,85.3,basal-adjustment
TV-062,20,104,104,85.3,basal-adjustment
TV-062,25,110,109,85.3,basal-adjustment
TV-062,30,115,113,85.3,basal-adjustment
TV-062,35,119,117,85.3,basal-adjustment
TV-062,40,122,120,85.3,basal-adjustment
TV-062,45,126,122,85.3,basal-adjustment
TV-062,50,128,124,85.3,basal-adjustment
TV-062,55,130,126,85.3,basal-adjustment
TV-062,60,131,126,85.3,basal-adjustment
TV-063,5,109,109,109.4,basal-adjustment
TV-063,10,126,126,109.4,basal-adjustment
TV-063,15,140,140,109.4,basal-adjustment
TV-063,20,154,154,109.4,basal-adjustment
TV-063,25,166,165,109.4,basal-adjustment
TV-063,30,176,176,109.4,basal-adjustment
TV-063,35,185,185,109.4,basal-adjustment
TV-063,40,193,192,109.4,basal-adjustment
TV-063,45,199,198,109.4,basal-adjustment
TV-063,50,204,203,109.4,basal-adjustment
TV-063,55,207,206,109.4,basal-adjustment
TV-063,60,209,208,109.4,basal-adjustment
TV-064,5,121,121,121,basal-adjustment
TV-064,10,104,104,121,basal-adjustment
TV-064,15,88,88,121,basal-adjustment
TV-064,20,74,74,121,basal-adjustment
TV-064,25,60,61,121,basal-adjustment
TV-064,30,49,49,121,basal-adjustment
TV-064,35,39,39,121,basal-adjustment
TV-064,40,39,39,121,basal-adjustment
TV-064,45,39,39,121,basal-adjustment
TV-064,50,39,39,121,basal-adjustment
TV-064,55,39,39,121,basal-adjustment
TV-064,60,39,39,121,basal-adjustment
TV-065,5,119,119,119,basal-adjustment
TV-065,10,111,111,119,basal-adjustment
TV-065,15,104,104,119,basal-adjustment
TV-065,20,98,97,119,basal-adjustment
TV-065,25,92,91,119,basal-adjustment
TV-065,30,87,85,119,basal-adjustment
TV-065,35,82,80,119,basal-adjustment
TV-065,40,79,75,119,basal-adjustment
TV-065,45,75,71,119,basal-adjustment
TV-065,50,73,68,119,basal-adjustment
TV-065,55,71,65,119,basal-adjustment
TV-065,60,70,62,119,basal-adjustment
TV-066,5,101,101,101,basal-adjustment
TV-066,10,89,88,101,basal-adjustment
TV-066,15,77,77,101,basal-adjustment
TV-066,20,67,66,101,basal-adjustment
TV-066,25,58,57,101,basal-adjustment
TV-066,30,49,48,101,basal-adjustment
TV-066,35,42,41,101,basal-adjustment
TV-066,40,39,39,101,basal-adjustment
TV-066,45,39,39,101,basal-adjustment
TV-066,50,39,39,101,basal-adjustment
TV-066,55,39,39,101,basal-adjustment
TV-066,60,39,39,101,basal-adjustment
TV-067,5,94,94,94,basal-adjustment
TV-067,10,85,85,94,basal-adjustment
TV-067,15,76,77,94,basal-adjustment
TV-067,20,68,69,94,basal-adjustment
TV-067,25,61,62,94,basal-adjustment
TV-067,30,54,56,94,basal-adjustment
TV-067,35,47,51,94,basal-adjustment
TV-067,40,42,46,94,basal-adjustment
TV-067,45,39,41,94,basal-adjustment
TV-067,50,39,39,94,basal-adjustment
TV-067,55,39,39,94,basal-adjustment
TV-067,60,39,39,94,basal-adjustment
TV-068,5,90,90,90,basal-adjustment
TV-068,10,84,84,90,basal-adjustment
TV-068,15,78,78,90,basal-adjustment
TV-068,20,73,73,90,basal-adjustment
TV-068,25,68,68,90,basal-adjustment
TV-068,30,64,64,90,basal-adjustment
TV-068,35,60,60,90,basal-adjustment
TV-068,40,56,56,90,basal-adjustment
TV-068,45,53,53,90,basal-adjustment
TV-068,50,50,51,90,basal-adjustment
TV-068,55,47,48,90,basal-adjustment
TV-068,60,45,46,90,basal-adjustment
TV-069,5,87,87,87,basal-adjustment
TV-069,10,83,83,87,basal-adjustment
TV-069,15,79,80,87,basal-adjustment
TV-069,20,76,77,87,basal-adjustment
TV-069,25,73,74,87,basal-adjustment
TV-069,30,70,71,87,basal-adjustment
TV-069,35,66,69,87,basal-adjustment
TV-069,40,64,66,87,basal-adjustment
TV-069,45,61,64,87,basal-adjustment
TV-069,50,58,62,87,basal-adjustment
TV-069,55,55,60,87,basal-adjustment
TV-069,60,53,59,87,basal-adjustment
TV-070,5,78,78,78,basal-adjustment
TV-070,10,71,72,78,basal-adjustment
TV-070,15,65,66,78,basal-adjustment
TV-070,20,59,60,78,basal-adjustment
TV-070,25,54,55,78,basal-adjustment
TV-070,30,49,51,78,basal-adjustment
TV-070,35,44,47,78,basal-adjustment
TV-070,40,40,43,78,basal-adjustment
TV-070,45,39,40,78,basal-adjustment
TV-070,50,39,39,78,basal-adjustment
TV-070,55,39,39,78,basal-adjustment
TV-070,60,39,39,78,basal-adjustment
TV-072,5,129,129,129,basal-adjustment
TV-072,10,118,118,129,basal-adjustment
TV-072,15,108,108,129,basal-adjustment
TV-072,20,98,98,129,basal-adjustment
TV-072,25,90,90,129,basal-adjustment
TV-072,30,82,82,129,basal-adjustment
TV-072,35,75,76,129,basal-adjustment
TV-072,40,69,70,129,basal-adjustment
TV-072,45,63,65,129,basal-adjustment
TV-072,50,59,61,129,basal-adjustment
TV-072,55,55,58,129,basal-adjustment
TV-072,60,53,55,129,basal-adjustment
TV-073,5,105,105,105,basal-adjustment
TV-073,10,87,87,105,basal-adjustment
TV-073,15,70,70,105,basal-adjustment
TV-073,20,54,56,105,basal-adjustment
TV-073,25,40,42,105,basal-adjustment
TV-073,30,39,39,105,basal-adjustment
TV-073,35,39,39,105,basal-adjustment
TV-073,40,39,39,105,basal-adjustment
TV-073,45,39,39,105,basal-adjustment
TV-073,50,39,39,105,basal-adjustment
TV-073,55,39,39,105,basal-adjustment
TV-073,60,39,39,105,basal-adjustment
TV-074,5,95,95,95,basal-adjustment
TV-074,10,82,82,95,basal-adjustment
TV-074,15,70,70,95,basal-adjustment
TV-074,20,58,59,95,basal-adjustment
TV-074,25,48,49,95,basal-adjustment
TV-074,30,39,40,95,basal-adjustment
TV-074,35,39,39,95,basal-adjustment
TV-074,40,39,39,95,basal-adjustment
TV-074,45,39,39,95,basal-adjustment
TV-074,50,39,39,95,basal-adjustment
TV-074,55,39,39,95,basal-adjustment
TV-074,60,39,39,95,basal-adjustment
TV-075,5,90,90,90,basal-adjustment
TV-075,10,82,82,90,basal-adjustment
TV-075,15,75,75,90,basal-adjustment
TV-075,20,68,68,90,basal-adjustment
TV-075,25,62,62,90,basal-adjustment
TV-075,30,57,57,90,basal-adjustment
TV-075,35,52,52,90,basal-adjustment
TV-075,40,48,48,90,basal-adjustment
TV-075,45,45,44,90,basal-adjustment
TV-075,50,42,42,90,basal-adjustment
TV-075,55,40,39,90,basal-adjustment
TV-075,60,39,39,90,basal-adjustment
TV-076,5,86,86,86,basal-adjustment
TV-076,10,81,81,86,basal-adjustment
TV-076,15,77,77,86,basal-adjustment
TV-076,20,72,73,86,basal-adjustment
TV-076,25,69,70,86,basal-adjustment
TV-076,30,65,66,86,basal-adjustment
TV-076,35,62,64,86,basal-adjustment
TV-076,40,59,61,86,basal-adjustment
TV-076,45,57,59,86,basal-adjustment
TV-076,50,54,57,86,basal-adjustment
TV-076,55,52,56,86,basal-adjustment
TV-076,60,50,55,86,basal-adjustment
TV-077,5,78,78,78,basal-adjustment
TV-077,10,72,72,78,basal-adjustment
TV-077,15,66,66,78,basal-adjustment
TV-077,20,61,61,78,basal-adjustment
TV-077,25,56,57,78,basal-adjustment
TV-077,30,52,53,78,basal-adjustment
TV-077,35,48,49,78,basal-adjustment
TV-077,40,45,47,78,basal-adjustment
TV-077,45,42,44,78,basal-adjustment
TV-077,50,39,42,78,basal-adjustment
TV-077,55,39,41,78,basal-adjustment
TV-077,60,39,40,78,basal-adjustment
TV-078,5,82,82,82,basal-adjustment
TV-078,10,82,82,82,basal-adjustment
TV-078,15,81,81,82,basal-adjustment
TV-078,20,81,81,82,basal-adjustment
TV-078,25,81,81,82,basal-adjustment
TV-078,30,80,81,82,basal-adjustment
TV-078,35,80,81,82,basal-adjustment
TV-078,40,80,81,82,basal-adjustment
TV-078,45,80,81,82,basal-adjustment
TV-078,50,79,80,82,basal-adjustment
TV-078,55,79,80,82,basal-adjustment
TV-078,60,78,80,82,basal-adjustment
TV-079,5,71,71,71,basal-adjustment
TV-079,10,65,65,71,basal-adjustment
TV-079,15,59,59,71,basal-adjustment
TV-079,20,54,55,71,basal-adjustment
TV-079,25,50,50,71,basal-adjustment
TV-079,30,46,47,71,basal-adjustment
TV-079,35,43,44,71,basal-adjustment
TV-079,40,40,41,71,basal-adjustment
TV-079,45,39,39,71,basal-adjustment
TV-079,50,39,39,71,basal-adjustment
TV-079,55,39,39,71,basal-adjustment
TV-079,60,39,39,71,basal-adjustment
TV-080,5,71,71,71,basal-adjustment
TV-080,10,68,69,71,basal-adjustment
TV-080,15,66,66,71,basal-adjustment
TV-080,20,64,64,71,basal-adjustment
TV-080,25,63,63,71,basal-adjustment
TV-080,30,61,61,71,basal-adjustment
TV-080,35,60,60,71,basal-adjustment
TV-080,40,59,59,71,basal-adjustment
TV-080,45,59,58,71,basal-adjustment
TV-080,50,58,58,71,basal-adjustment
TV-080,55,58,57,71,basal-adjustment
TV-080,60,57,57,71,basal-adjustment
TV-081,5,77,77,77,basal-adjustment
TV-081,10,79,79,77,basal-adjustment
TV-081,15,81,81,77,basal-adjustment
TV-081,20,83,83,77,basal-adjustment
TV-081,25,85,84,77,basal-adjustment
TV-081,30,87,85,77,basal-adjustment
TV-081,35,88,86,77,basal-adjustment
TV-081,40,90,86,77,basal-adjustment
TV-081,45,91,87,77,basal-adjustment
TV-081,50,92,87,77,basal-adjustment
TV-081,55,92,86,77,basal-adjustment
TV-081,60,93,86,77,basal-adjustment
TV-082,5,93,93,93,basal-adjustment
TV-082,10,100,100,93,basal-adjustment
TV-082,15,106,106,93,basal-adjustment
TV-082,20,112,112,93,basal-adjustment
TV-082,25,117,117,93,basal-adjustment
TV-082,30,122,122,93,basal-adjustment
TV-082,35,126,126,93,basal-adjustment
TV-082,40,130,129,93,basal-adjustment
TV-082,45,132,132,93,basal-adjustment
TV-082,50,135,134,93,basal-adjustment
TV-082,55,136,135,93,basal-adjustment
TV-082,60,137,135,93,basal-adjustment
TV-083,5,93,93,93,basal-adjustment
TV-083,10,100,100,93,basal-adjustment
TV-083,15,106,106,93,basal-adjustment
TV-083,20,112,112,93,basal-adjustment
TV-083,25,117,117,93,basal-adjustment
TV-083,30,122,121,93,basal-adjustment
TV-083,35,126,125,93,basal-adjustment
TV-083,40,130,128,93,basal-adjustment
TV-083,45,133,130,93,basal-adjustment
TV-083,50,135,132,93,basal-adjustment
TV-083,55,136,132,93,basal-adjustment
TV-083,60,137,133,93,basal-adjustment
TV-084,5,82,82,82,basal-adjustment
TV-084,10,91,92,82,basal-adjustment
TV-084,15,100,100,82,basal-adjustment
TV-084,20,108,108,82,basal-adjustment
TV-084,25,115,115,82,basal-adjustment
TV-084,30,121,121,82,basal-adjustment
TV-084,35,126,126,82,basal-adjustment
TV-084,40,130,131,82,basal-adjustment
TV-084,45,133,134,82,basal-adjustment
TV-084,50,135,136,82,basal-adjustment
TV-084,55,137,138,82,basal-adjustment
TV-084,60,137,138,82,basal-adjustment
TV-085,5,98,98,98,basal-adjustment
TV-085,10,111,111,98,basal-adjustment
TV-085,15,123,123,98,basal-adjustment
TV-085,20,134,134,98,basal-adjustment
TV-085,25,144,144,98,basal-adjustment
TV-085,30,152,152,98,basal-adjustment
TV-085,35,159,159,98,basal-adjustment
TV-085,40,165,165,98,basal-adjustment
TV-085,45,170,170,98,basal-adjustment
TV-085,50,173,173,98,basal-adjustment
TV-085,55,175,175,98,basal-adjustment
TV-085,60,176,176,98,basal-adjustment
TV-087,5,91,65,65,synthetic
TV-087,10,95,69,65,synthetic
TV-087,15,100,74,65,synthetic
TV-087,20,104,78,65,synthetic
TV-087,25,108,81,65,synthetic
TV-087,30,112,84,65,synthetic
TV-087,35,115,87,65,synthetic
TV-087,40,119,90,65,synthetic
TV-087,45,122,92,65,synthetic
TV-087,50,124,94,65,synthetic
TV-087,55,127,96,65,synthetic
TV-087,60,129,97,65,synthetic
TV-088,5,91,55,55,synthetic
TV-088,10,95,59,55,synthetic
TV-088,15,100,64,55,synthetic
TV-088,20,104,68,55,synthetic
TV-088,25,108,71,55,synthetic
TV-088,30,112,75,55,synthetic
TV-088,35,115,78,55,synthetic
TV-088,40,119,80,55,synthetic
TV-088,45,122,83,55,synthetic
TV-088,50,124,85,55,synthetic
TV-088,55,127,87,55,synthetic
TV-088,60,129,88,55,synthetic
TV-089,5,91,250,250,synthetic
TV-089,10,95,254,250,synthetic
TV-089,15,100,259,250,synthetic
TV-089,20,104,263,250,synthetic
TV-089,25,108,266,250,synthetic
TV-089,30,112,269,250,synthetic
TV-089,35,115,272,250,synthetic
TV-089,40,119,275,250,synthetic
TV-089,45,122,277,250,synthetic
TV-089,50,124,279,250,synthetic
TV-089,55,127,281,250,synthetic
TV-089,60,129,282,250,synthetic
TV-090,5,91,300,300,synthetic
TV-090,10,95,304,300,synthetic
TV-090,15,100,309,300,synthetic
TV-090,20,104,313,300,synthetic
TV-090,25,108,316,300,synthetic
TV-090,30,112,319,300,synthetic
TV-090,35,115,322,300,synthetic
TV-090,40,119,325,300,synthetic
TV-090,45,122,327,300,synthetic
TV-090,50,124,330,300,synthetic
TV-090,55,127,331,300,synthetic
TV-090,60,129,333,300,synthetic
TV-091,5,91,120,120,synthetic
TV-091,10,95,124,120,synthetic
TV-091,15,100,129,120,synthetic
TV-091,20,104,133,120,synthetic
TV-091,25,108,136,120,synthetic
TV-091,30,112,140,120,synthetic
TV-091,35,115,143,120,synthetic
TV-091,40,119,146,120,synthetic
TV-091,45,122,148,120,synthetic
TV-091,50,124,150,120,synthetic
TV-091,55,127,152,120,synthetic
TV-091,60,129,154,120,synthetic
TV-092,5,91,100,100,synthetic
TV-092,10,95,104,100,synthetic
TV-092,15,100,109,100,synthetic
TV-092,20,104,113,100,synthetic
TV-092,25,108,116,100,synthetic
TV-092,30,112,119,100,synthetic
TV-092,35,115,122,100,synthetic
TV-092,40,119,125,100,synthetic
TV-092,45,122,127,100,synthetic
TV-092,50,124,130,100,synthetic
TV-092,55,127,131,100,synthetic
TV-092,60,129,133,100,synthetic
TV-093,5,91,180,180,synthetic
TV-093,10,95,184,180,synthetic
TV-093,15,100,189,180,synthetic
TV-093,20,104,193,180,synthetic
TV-093,25,108,196,180,synthetic
TV-093,30,112,199,180,synthetic
TV-093,35,115,202,180,synthetic
TV-093,40,119,205,180,synthetic
TV-093,45,122,207,180,synthetic
TV-093,50,124,209,180,synthetic
TV-093,55,127,211,180,synthetic
TV-093,60,129,212,180,synthetic
TV-094,5,91,70,70,synthetic
TV-094,10,95,74,70,synthetic
TV-094,15,100,79,70,synthetic
TV-094,20,104,83,70,synthetic
TV-094,25,108,86,70,synthetic
TV-094,30,112,89,70,synthetic
TV-094,35,115,92,70,synthetic
TV-094,40,119,95,70,synthetic
TV-094,45,122,97,70,synthetic
TV-094,50,124,100,70,synthetic
TV-094,55,127,101,70,synthetic
TV-094,60,129,103,70,synthetic
TV-095,5,91,140,140,synthetic
TV-095,10,95,144,140,synthetic
TV-095,15,100,149,140,synthetic
TV-095,20,104,153,140,synthetic
TV-095,25,108,156,140,synthetic
TV-095,30,112,160,140,synthetic
TV-095,35,115,163,140,synthetic
TV-095,40,119,165,140,synthetic
TV-095,45,122,168,140,synthetic
TV-095,50,124,170,140,synthetic
TV-095,55,127,172,140,synthetic
TV-095,60,129,174,140,synthetic
TV-096,5,91,80,80,synthetic
TV-096,10,95,84,80,synthetic
TV-096,15,100,89,80,synthetic
TV-096,20,104,93,80,synthetic
TV-096,25,108,96,80,synthetic
TV-096,30,112,100,80,synthetic
TV-096,35,115,103,80,synthetic
TV-096,40,119,106,80,synthetic
TV-096,45,122,108,80,synthetic
TV-096,50,124,110,80,synthetic
TV-096,55,127,112,80,synthetic
TV-096,60,129,114,80,synthetic
TV-097,5,91,200,200,synthetic
TV-097,10,95,204,200,synthetic
TV-097,15,100,209,200,synthetic
TV-097,20,104,212,200,synthetic
TV-097,25,108,216,200,synthetic
TV-097,30,112,218,200,synthetic
TV-097,35,115,221,200,synthetic
TV-097,40,119,223,200,synthetic
TV-097,45,122,225,200,synthetic
TV-097,50,124,226,200,synthetic
TV-097,55,127,228,200,synthetic
TV-097,60,129,229,200,synthetic
TV-098,5,91,110,110,synthetic
TV-098,10,95,114,110,synthetic
TV-098,15,100,119,110,synthetic
TV-098,20,104,123,110,synthetic
TV-098,25,108,126,110,synthetic
TV-098,30,112,129,110,synthetic
TV-098,35,115,132,110,synthetic
TV-098,40,119,135,110,synthetic
TV-098,45,122,137,110,synthetic
TV-098,50,124,140,110,synthetic
TV-098,55,127,141,110,synthetic
TV-098,60,129,143,110,synthetic
TV-099,5,91,95,95,synthetic
TV-099,10,95,99,95,synthetic
TV-099,15,100,104,95,synthetic
TV-099,20,104,107,95,synthetic
TV-099,25,108,111,95,synthetic
TV-099,30,112,114,95,synthetic
TV-099,35,115,117,95,synthetic
TV-099,40,119,119,95,synthetic
TV-099,45,122,121,95,synthetic
TV-099,50,124,123,95,synthetic
TV-099,55,127,124,95,synthetic
TV-099,60,129,125,95,synthetic
TV-100,5,91,170,170,synthetic
TV-100,10,95,174,170,synthetic
TV-100,15,100,179,170,synthetic
TV-100,20,104,182,170,synthetic
TV-100,25,108,186,170,synthetic
TV-100,30,112,189,170,synthetic
TV-100,35,115,192,170,synthetic
TV-100,40,119,194,170,synthetic
TV-100,45,122,196,170,synthetic
TV-100,50,124,198,170,synthetic
TV-100,55,127,199,170,synthetic
TV-100,60,129,200,170,synthetic
TV-101,5,91,130,130,synthetic
TV-101,10,95,134,130,synthetic
TV-101,15,100,139,130,synthetic
TV-101,20,104,143,130,synthetic
TV-101,25,108,146,130,synthetic
TV-101,30,112,149,130,synthetic
TV-101,35,115,152,130,synthetic
TV-101,40,119,155,130,synthetic
TV-101,45,122,158,130,synthetic
TV-101,50,124,160,130,synthetic
TV-101,55,127,162,130,synthetic
TV-101,60,129,163,130,synthetic
TV-102,5,91,85,85,synthetic
TV-102,10,95,89,85,synthetic
TV-102,15,100,93,85,synthetic
TV-102,20,104,97,85,synthetic
TV-102,25,108,100,85,synthetic
TV-102,30,112,103,85,synthetic
TV-102,35,115,105,85,synthetic
TV-102,40,119,107,85,synthetic
TV-102,45,122,108,85,synthetic
TV-102,50,124,110,85,synthetic
TV-102,55,127,110,85,synthetic
TV-102,60,129,111,85,synthetic
TV-103,5,91,220,220,synthetic
TV-103,10,95,224,220,synthetic
TV-103,15,100,229,220,synthetic
TV-103,20,104,233,220,synthetic
TV-103,25,108,236,220,synthetic
TV-103,30,112,240,220,synthetic
TV-103,35,115,243,220,synthetic
TV-103,40,119,245,220,synthetic
TV-103,45,122,248,220,synthetic
TV-103,50,124,250,220,synthetic
TV-103,55,127,252,220,synthetic
TV-103,60,129,254,220,synthetic
TV-104,5,91,75,75,synthetic
TV-104,10,95,79,75,synthetic
TV-104,15,100,84,75,synthetic
TV-104,20,104,88,75,synthetic
TV-104,25,108,91,75,synthetic
TV-104,30,112,94,75,synthetic
TV-104,35,115,97,75,synthetic
TV-104,40,119,100,75,synthetic
TV-104,45,122,102,75,synthetic
TV-104,50,124,105,75,synthetic
TV-104,55,127,106,75,synthetic
TV-104,60,129,108,75,synthetic
TV-105,5,91,160,160,synthetic
TV-105,10,95,164,160,synthetic
TV-105,15,100,169,160,synthetic
TV-105,20,104,173,160,synthetic
TV-105,25,108,176,160,synthetic
TV-105,30,112,179,160,synthetic
TV-105,35,115,182,160,synthetic
TV-105,40,119,185,160,synthetic
TV-105,45,122,187,160,synthetic
TV-105,50,124,189,160,synthetic
TV-105,55,127,191,160,synthetic
TV-105,60,129,192,160,synthetic
TV-106,5,91,90,90,synthetic
TV-106,10,95,94,90,synthetic
TV-106,15,100,99,90,synthetic
TV-106,20,104,102,90,synthetic
TV-106,25,108,106,90,synthetic
TV-106,30,112,109,90,synthetic
TV-106,35,115,112,90,synthetic
TV-106,40,119,114,90,synthetic
TV-106,45,122,117,90,synthetic
TV-106,50,124,119,90,synthetic
TV-106,55,127,120,90,synthetic
TV-106,60,129,121,90,synthetic
TV-107,5,91,105,105,synthetic
TV-107,10,95,109,105,synthetic
TV-107,15,100,114,105,synthetic
TV-107,20,104,118,105,synthetic
TV-107,25,108,121,105,synthetic
TV-107,30,112,124,105,synthetic
TV-107,35,115,127,105,synthetic
TV-107,40,119,130,105,synthetic
TV-107,45,122,132,105,synthetic
TV-107,50,124,135,105,synthetic
TV-107,55,127,136,105,synthetic
TV-107,60,129,138,105,synthetic
TV-108,5,91,115,115,synthetic
TV-108,10,95,119,115,synthetic
TV-108,15,100,124,115,synthetic
TV-108,20,104,127,115,synthetic
TV-108,25,108,130,115,synthetic
TV-108,30,112,133,115,synthetic
TV-108,35,115,136,115,synthetic
TV-108,40,119,138,115,synthetic
TV-108,45,122,140,115,synthetic
TV-108,50,124,141,115,synthetic
TV-108,55,127,143,115,synthetic
TV-108,60,129,144,115,synthetic